id,family_id,class_code,source_kind,owner_stage,destination,status,package_status,possible_reference_ids,evidence,evidence_level,legacy-vector-symbols,transformer-vector-shapes,guy-vector-shapes,declarative-vector-packages,raster-template,raster-hough-generalizado,structural-raster-graph,structural-vector-graph,document-local-legend,learned-e11
cemig-eo-r3-s01-v001,family-f02-01,CONVENCAO_EO,document_context,E10,document_convention,informativo,nao_aplicavel,,convenção documental; E10 não resolve ID E01 a partir da legenda,documented,fora_do_dominio,fora_do_dominio,fora_do_dominio,fora_do_dominio,fora_do_dominio,fora_do_dominio,fora_do_dominio,fora_do_dominio,informativo_nao_ativo,fora_do_dominio
cemig-eo-r3-s02-v001,family-f02-02,CONVENCAO_EO,annotation,E10,document_convention,informativo,nao_aplicavel,,convenção documental; E10 não resolve ID E01 a partir da legenda,documented,fora_do_dominio,fora_do_dominio,fora_do_dominio,fora_do_dominio,fora_do_dominio,fora_do_dominio,fora_do_dominio,fora_do_dominio,informativo_nao_ativo,fora_do_dominio
cemig-eo-r3-s02-v002,family-f02-02,CONVENCAO_EO,annotation,E10,document_convention,informativo,nao_aplicavel,,convenção documental; E10 não resolve ID E01 a partir da legenda,documented,fora_do_dominio,fora_do_dominio,fora_do_dominio,fora_do_dominio,fora_do_dominio,fora_do_dominio,fora_do_dominio,fora_do_dominio,informativo_nao_ativo,fora_do_dominio
cemig-eo-r3-s02-v003,family-f02-02,CONVENCAO_EO,annotation,E10,document_convention,informativo,nao_aplicavel,,convenção documental; E10 não resolve ID E01 a partir da legenda,documented,fora_do_dominio,fora_do_dominio,fora_do_dominio,fora_do_dominio,fora_do_dominio,fora_do_dominio,fora_do_dominio,fora_do_dominio,informativo_nao_ativo,fora_do_dominio
cemig-eo-r3-s03-v001,family-f02-03,POSTE,EC,E07,support_review,ainda_nao_suportado,pending,,Forma E01: Dois círculos concêntricos; instalação preenche meia coroa; retirada com X vermelho; contorno/base. Postes de §3 e §8 repetem contornos; material e situação dependem de meia coroa/X e contexto ainda não discriminados.,documented,fora_do_dominio,fora_do_dominio,fora_do_dominio,pendente_sem_inferencia,fora_do_dominio,fora_do_dominio,fora_do_dominio,fora_do_dominio,fora_do_dominio,fora_do_dominio
cemig-eo-r3-s03-v002,family-f02-03,POSTE,EC,E07,support_review,ainda_nao_suportado,pending,,Forma E01: Dois círculos concêntricos; instalação preenche meia coroa; retirada com X vermelho; preenchimento de instalação. Postes de §3 e §8 repetem contornos; material e situação dependem de meia coroa/X e contexto ainda não discriminados.,documented,fora_do_dominio,fora_do_dominio,fora_do_dominio,pendente_sem_inferencia,fora_do_dominio,fora_do_dominio,fora_do_dominio,fora_do_dominio,fora_do_dominio,fora_do_dominio
cemig-eo-r3-s03-v003,family-f02-03,POSTE,EC,E07,support_review,ainda_nao_suportado,pending,,Forma E01: Dois círculos concêntricos; instalação preenche meia coroa; retirada com X vermelho; marca de retirada/substituição. Postes de §3 e §8 repetem contornos; material e situação dependem de meia coroa/X e contexto ainda não discriminados.,documented,fora_do_dominio,fora_do_dominio,fora_do_dominio,pendente_sem_inferencia,fora_do_dominio,fora_do_dominio,fora_do_dominio,fora_do_dominio,fora_do_dominio,fora_do_dominio
cemig-eo-r3-s03-v004,family-f02-03,POSTE,EC,E07,support_review,ainda_nao_suportado,pending,,Forma E01: Retângulo; instalação com triângulo preto; retirada com X vermelho; contorno/base. Postes de §3 e §8 repetem contornos; material e situação dependem de meia coroa/X e contexto ainda não discriminados.,documented,fora_do_dominio,fora_do_dominio,fora_do_dominio,pendente_sem_inferencia,fora_do_dominio,fora_do_dominio,fora_do_dominio,fora_do_dominio,fora_do_dominio,fora_do_dominio
cemig-eo-r3-s03-v005,family-f02-03,POSTE,EC,E07,support_review,ainda_nao_suportado,pending,,Forma E01: Retângulo; instalação com triângulo preto; retirada com X vermelho; preenchimento de instalação. Postes de §3 e §8 repetem contornos; material e situação dependem de meia coroa/X e contexto ainda não discriminados.,documented,fora_do_dominio,fora_do_dominio,fora_do_dominio,pendente_sem_inferencia,fora_do_dominio,fora_do_dominio,fora_do_dominio,fora_do_dominio,fora_do_dominio,fora_do_dominio
cemig-eo-r3-s03-v006,family-f02-03,POSTE,EC,E07,support_review,ainda_nao_suportado,pending,,Forma E01: Retângulo; instalação com triângulo preto; retirada com X vermelho; marca de retirada/substituição. Postes de §3 e §8 repetem contornos; material e situação dependem de meia coroa/X e contexto ainda não discriminados.,documented,fora_do_dominio,fora_do_dominio,fora_do_dominio,pendente_sem_inferencia,fora_do_dominio,fora_do_dominio,fora_do_dominio,fora_do_dominio,fora_do_dominio,fora_do_dominio
cemig-eo-r3-s03-v007,family-f02-03,POSTE,EC,E07,support_review,ainda_nao_suportado,pending,,Forma E01: Retângulo com ressalto superior. Postes de §3 e §8 repetem contornos; material e situação dependem de meia coroa/X e contexto ainda não discriminados.,documented,fora_do_dominio,fora_do_dominio,fora_do_dominio,pendente_sem_inferencia,fora_do_dominio,fora_do_dominio,fora_do_dominio,fora_do_dominio,fora_do_dominio,fora_do_dominio
cemig-eo-r3-s03-v008,family-f02-03,POSTE,EC,E07,support_review,ainda_nao_suportado,pending,,Forma E01: Retângulo com ressalto superior e X vermelho. Postes de §3 e §8 repetem contornos; material e situação dependem de meia coroa/X e contexto ainda não discriminados.,documented,fora_do_dominio,fora_do_dominio,fora_do_dominio,pendente_sem_inferencia,fora_do_dominio,fora_do_dominio,fora_do_dominio,fora_do_dominio,fora_do_dominio,fora_do_dominio
cemig-eo-r3-s03-v009,family-f02-03,POSTE,EC,E07,support_review,ainda_nao_suportado,pending,,Forma E01: Retângulo dividido longitudinalmente; X vermelho nas retiradas. Postes de §3 e §8 repetem contornos; material e situação dependem de meia coroa/X e contexto ainda não discriminados.,documented,fora_do_dominio,fora_do_dominio,fora_do_dominio,pendente_sem_inferencia,fora_do_dominio,fora_do_dominio,fora_do_dominio,fora_do_dominio,fora_do_dominio,fora_do_dominio
cemig-eo-r3-s03-v010,family-f02-03,POSTE,EC,E07,support_review,ainda_nao_suportado,pending,,Forma E01: Retângulo dividido longitudinalmente; X vermelho nas retiradas. Postes de §3 e §8 repetem contornos; material e situação dependem de meia coroa/X e contexto ainda não discriminados.,documented,fora_do_dominio,fora_do_dominio,fora_do_dominio,pendente_sem_inferencia,fora_do_dominio,fora_do_dominio,fora_do_dominio,fora_do_dominio,fora_do_dominio,fora_do_dominio
cemig-eo-r3-s03-v011,family-f02-03,POSTE,EC,E07,support_review,ainda_nao_suportado,pending,,Forma E01: Círculo em quatro quadrantes; instalação preenche quadrantes opostos; retirada com X vermelho. Postes de §3 e §8 repetem contornos; material e situação dependem de meia coroa/X e contexto ainda não discriminados.,documented,fora_do_dominio,fora_do_dominio,fora_do_dominio,pendente_sem_inferencia,fora_do_dominio,fora_do_dominio,fora_do_dominio,fora_do_dominio,fora_do_dominio,fora_do_dominio
cemig-eo-r3-s03-v012,family-f02-03,POSTE,EC,E07,support_review,ainda_nao_suportado,pending,,Forma E01: Círculo em quatro quadrantes; instalação preenche quadrantes opostos; retirada com X vermelho. Postes de §3 e §8 repetem contornos; material e situação dependem de meia coroa/X e contexto ainda não discriminados.,documented,fora_do_dominio,fora_do_dominio,fora_do_dominio,pendente_sem_inferencia,fora_do_dominio,fora_do_dominio,fora_do_dominio,fora_do_dominio,fora_do_dominio,fora_do_dominio
cemig-eo-r3-s03-v013,family-f02-03,POSTE,EC,E07,support_review,ainda_nao_suportado,pending,,Forma E01: Círculo em quatro quadrantes; instalação preenche quadrantes opostos; retirada com X vermelho. Postes de §3 e §8 repetem contornos; material e situação dependem de meia coroa/X e contexto ainda não discriminados.,documented,fora_do_dominio,fora_do_dominio,fora_do_dominio,pendente_sem_inferencia,fora_do_dominio,fora_do_dominio,fora_do_dominio,fora_do_dominio,fora_do_dominio,fora_do_dominio
cemig-eo-r3-s03-v014,family-f02-03,POSTE,EC,E07,support_review,ainda_nao_suportado,pending,,Forma E01: Círculos com quatro pequenos raios externos; preenchimento ou X conforme linha; contorno/base. Postes de §3 e §8 repetem contornos; material e situação dependem de meia coroa/X e contexto ainda não discriminados.,documented,fora_do_dominio,fora_do_dominio,fora_do_dominio,pendente_sem_inferencia,fora_do_dominio,fora_do_dominio,fora_do_dominio,fora_do_dominio,fora_do_dominio,fora_do_dominio
cemig-eo-r3-s03-v015,family-f02-03,POSTE,EC,E07,support_review,ainda_nao_suportado,pending,,Forma E01: Círculos com quatro pequenos raios externos; preenchimento ou X conforme linha; preenchimento de instalação. Postes de §3 e §8 repetem contornos; material e situação dependem de meia coroa/X e contexto ainda não discriminados.,documented,fora_do_dominio,fora_do_dominio,fora_do_dominio,pendente_sem_inferencia,fora_do_dominio,fora_do_dominio,fora_do_dominio,fora_do_dominio,fora_do_dominio,fora_do_dominio
cemig-eo-r3-s03-v016,family-f02-03,POSTE,EC,E07,support_review,ainda_nao_suportado,pending,,Forma E01: Círculos com quatro pequenos raios externos; preenchimento ou X conforme linha; marca de retirada/substituição. Postes de §3 e §8 repetem contornos; material e situação dependem de meia coroa/X e contexto ainda não discriminados.,documented,fora_do_dominio,fora_do_dominio,fora_do_dominio,pendente_sem_inferencia,fora_do_dominio,fora_do_dominio,fora_do_dominio,fora_do_dominio,fora_do_dominio,fora_do_dominio
cemig-eo-r3-s03-v017,family-f02-03,POSTE,EC,E07,support_review,ainda_nao_suportado,pending,,Forma E01: Anel com centro preenchido. Postes de §3 e §8 repetem contornos; material e situação dependem de meia coroa/X e contexto ainda não discriminados.,documented,fora_do_dominio,fora_do_dominio,fora_do_dominio,pendente_sem_inferencia,fora_do_dominio,fora_do_dominio,fora_do_dominio,fora_do_dominio,fora_do_dominio,fora_do_dominio
cemig-eo-r3-s03-v018,family-f02-03,POSTE,EC,E07,support_review,ainda_nao_suportado,pending,,Forma E01: Círculo em quatro quadrantes. Postes de §3 e §8 repetem contornos; material e situação dependem de meia coroa/X e contexto ainda não discriminados.,documented,fora_do_dominio,fora_do_dominio,fora_do_dominio,pendente_sem_inferencia,fora_do_dominio,fora_do_dominio,fora_do_dominio,fora_do_dominio,fora_do_dominio,fora_do_dominio
cemig-eo-r3-s03-v019,family-f02-03,POSTE,EC,E07,support_review,ainda_nao_suportado,pending,,Forma E01: Anel com centro e meia coroa preenchidos na instalação; X vermelho na retirada. Postes de §3 e §8 repetem contornos; material e situação dependem de meia coroa/X e contexto ainda não discriminados.,documented,fora_do_dominio,fora_do_dominio,fora_do_dominio,pendente_sem_inferencia,fora_do_dominio,fora_do_dominio,fora_do_dominio,fora_do_dominio,fora_do_dominio,fora_do_dominio
cemig-eo-r3-s03-v020,family-f02-03,POSTE,EC,E07,support_review,ainda_nao_suportado,pending,,Forma E01: Quadrantes opostos preenchidos na instalação; X vermelho na retirada. Postes de §3 e §8 repetem contornos; material e situação dependem de meia coroa/X e contexto ainda não discriminados.,documented,fora_do_dominio,fora_do_dominio,fora_do_dominio,pendente_sem_inferencia,fora_do_dominio,fora_do_dominio,fora_do_dominio,fora_do_dominio,fora_do_dominio,fora_do_dominio
cemig-eo-r3-s03-v021,family-f02-03,POSTE,EC,E07,support_review,ainda_nao_suportado,pending,,Forma E01: Anel com centro e meia coroa preenchidos na instalação; X vermelho na retirada. Postes de §3 e §8 repetem contornos; material e situação dependem de meia coroa/X e contexto ainda não discriminados.,documented,fora_do_dominio,fora_do_dominio,fora_do_dominio,pendente_sem_inferencia,fora_do_dominio,fora_do_dominio,fora_do_dominio,fora_do_dominio,fora_do_dominio,fora_do_dominio
cemig-eo-r3-s03-v022,family-f02-03,POSTE,EC,E07,support_review,ainda_nao_suportado,pending,,Forma E01: Quadrantes opostos preenchidos na instalação; X vermelho na retirada. Postes de §3 e §8 repetem contornos; material e situação dependem de meia coroa/X e contexto ainda não discriminados.,documented,fora_do_dominio,fora_do_dominio,fora_do_dominio,pendente_sem_inferencia,fora_do_dominio,fora_do_dominio,fora_do_dominio,fora_do_dominio,fora_do_dominio,fora_do_dominio
cemig-eo-r3-s03-v023,family-f02-03,POSTE,EC,E07,support_review,ainda_nao_suportado,pending,,Forma E01: Círculo simples; meio círculo preto na instalação; X vermelho na retirada; contorno/base. Postes de §3 e §8 repetem contornos; material e situação dependem de meia coroa/X e contexto ainda não discriminados.,documented,fora_do_dominio,fora_do_dominio,fora_do_dominio,pendente_sem_inferencia,fora_do_dominio,fora_do_dominio,fora_do_dominio,fora_do_dominio,fora_do_dominio,fora_do_dominio
cemig-eo-r3-s03-v024,family-f02-03,POSTE,EC,E07,support_review,ainda_nao_suportado,pending,,Forma E01: Círculo simples; meio círculo preto na instalação; X vermelho na retirada; preenchimento de instalação. Postes de §3 e §8 repetem contornos; material e situação dependem de meia coroa/X e contexto ainda não discriminados.,documented,fora_do_dominio,fora_do_dominio,fora_do_dominio,pendente_sem_inferencia,fora_do_dominio,fora_do_dominio,fora_do_dominio,fora_do_dominio,fora_do_dominio,fora_do_dominio
cemig-eo-r3-s03-v025,family-f02-03,POSTE,EC,E07,support_review,ainda_nao_suportado,pending,,Forma E01: Círculo simples; meio círculo preto na instalação; X vermelho na retirada; marca de retirada/substituição. Postes de §3 e §8 repetem contornos; material e situação dependem de meia coroa/X e contexto ainda não discriminados.,documented,fora_do_dominio,fora_do_dominio,fora_do_dominio,pendente_sem_inferencia,fora_do_dominio,fora_do_dominio,fora_do_dominio,fora_do_dominio,fora_do_dominio,fora_do_dominio
cemig-eo-r3-s04-v001,family-f02-04,CONVENCAO_EO,EC,E07,document_convention,informativo,pending,,destino sem ativo; pacote pending não significa reconhecimento,documented,fora_do_dominio,fora_do_dominio,fora_do_dominio,pendente_sem_inferencia,fora_do_dominio,fora_do_dominio,fora_do_dominio,fora_do_dominio,informativo_nao_ativo,fora_do_dominio
cemig-eo-r3-s05-v001,family-f02-05,CAIXA_SUBTERRANEA,EC,E07,network_context,ainda_nao_suportado,pending,,"Forma E01: Quadrado ciano; triângulo preenchido ou X; contorno/base. Caixas compartilham quadrado, octógono e contornos; componentes internos e estado desta variante ainda carecem de positivo/negativo independente.",documented,fora_do_dominio,fora_do_dominio,fora_do_dominio,pendente_sem_inferencia,fora_do_dominio,fora_do_dominio,fora_do_dominio,fora_do_dominio,fora_do_dominio,fora_do_dominio
cemig-eo-r3-s05-v002,family-f02-05,CAIXA_SUBTERRANEA,EC,E07,network_context,ainda_nao_suportado,pending,,"Forma E01: Quadrado ciano; triângulo preenchido ou X; preenchimento de instalação. Caixas compartilham quadrado, octógono e contornos; componentes internos e estado desta variante ainda carecem de positivo/negativo independente.",documented,fora_do_dominio,fora_do_dominio,fora_do_dominio,pendente_sem_inferencia,fora_do_dominio,fora_do_dominio,fora_do_dominio,fora_do_dominio,fora_do_dominio,fora_do_dominio
cemig-eo-r3-s05-v003,family-f02-05,CAIXA_SUBTERRANEA,EC,E07,network_context,ainda_nao_suportado,pending,,"Forma E01: Quadrado ciano; triângulo preenchido ou X; marca de retirada/substituição. Caixas compartilham quadrado, octógono e contornos; componentes internos e estado desta variante ainda carecem de positivo/negativo independente.",documented,fora_do_dominio,fora_do_dominio,fora_do_dominio,pendente_sem_inferencia,fora_do_dominio,fora_do_dominio,fora_do_dominio,fora_do_dominio,fora_do_dominio,fora_do_dominio
cemig-eo-r3-s05-v004,family-f02-05,CAIXA_SUBTERRANEA,EC,E07,network_context,reconhecido_exato,enabled,,E07 gramática e positivo autoral com ID exato; sem homologação real,synthetic_only,fora_do_dominio,fora_do_dominio,fora_do_dominio,id_exato_sintetico,fora_do_dominio,fora_do_dominio,fora_do_dominio,fora_do_dominio,fora_do_dominio,fora_do_dominio
cemig-eo-r3-s05-v005,family-f02-05,CAIXA_SUBTERRANEA,EC,E07,network_context,ainda_nao_suportado,pending,,"Forma E01: Octógono ciano; preenchimento inferior ou X; contorno/base. Caixas compartilham quadrado, octógono e contornos; componentes internos e estado desta variante ainda carecem de positivo/negativo independente.",documented,fora_do_dominio,fora_do_dominio,fora_do_dominio,pendente_sem_inferencia,fora_do_dominio,fora_do_dominio,fora_do_dominio,fora_do_dominio,fora_do_dominio,fora_do_dominio
cemig-eo-r3-s05-v006,family-f02-05,CAIXA_SUBTERRANEA,EC,E07,network_context,ainda_nao_suportado,pending,,"Forma E01: Octógono ciano; preenchimento inferior ou X; preenchimento de instalação. Caixas compartilham quadrado, octógono e contornos; componentes internos e estado desta variante ainda carecem de positivo/negativo independente.",documented,fora_do_dominio,fora_do_dominio,fora_do_dominio,pendente_sem_inferencia,fora_do_dominio,fora_do_dominio,fora_do_dominio,fora_do_dominio,fora_do_dominio,fora_do_dominio
cemig-eo-r3-s05-v007,family-f02-05,CAIXA_SUBTERRANEA,EC,E07,network_context,ainda_nao_suportado,pending,,"Forma E01: Octógono ciano; preenchimento inferior ou X; marca de retirada/substituição. Caixas compartilham quadrado, octógono e contornos; componentes internos e estado desta variante ainda carecem de positivo/negativo independente.",documented,fora_do_dominio,fora_do_dominio,fora_do_dominio,pendente_sem_inferencia,fora_do_dominio,fora_do_dominio,fora_do_dominio,fora_do_dominio,fora_do_dominio,fora_do_dominio
cemig-eo-r3-s05-v008,family-f02-05,CAIXA_SUBTERRANEA,EC,E07,network_context,ainda_nao_suportado,pending,,"Forma E01: Retângulo com três pares de terminais cruzados. Caixas compartilham quadrado, octógono e contornos; componentes internos e estado desta variante ainda carecem de positivo/negativo independente.",documented,fora_do_dominio,fora_do_dominio,fora_do_dominio,pendente_sem_inferencia,fora_do_dominio,fora_do_dominio,fora_do_dominio,fora_do_dominio,fora_do_dominio,fora_do_dominio
cemig-eo-r3-s05-v009,family-f02-05,CAIXA_SUBTERRANEA,EC,E07,network_context,ainda_nao_suportado,pending,,"Forma E01: Retângulo com dois terminais e linha. Caixas compartilham quadrado, octógono e contornos; componentes internos e estado desta variante ainda carecem de positivo/negativo independente.",documented,fora_do_dominio,fora_do_dominio,fora_do_dominio,pendente_sem_inferencia,fora_do_dominio,fora_do_dominio,fora_do_dominio,fora_do_dominio,fora_do_dominio,fora_do_dominio
cemig-eo-r3-s05-v010,family-f02-05,CAIXA_SUBTERRANEA,EC,E07,network_context,ainda_nao_suportado,pending,,"Forma E01: Dois quadrados ciano. Caixas compartilham quadrado, octógono e contornos; componentes internos e estado desta variante ainda carecem de positivo/negativo independente.",documented,fora_do_dominio,fora_do_dominio,fora_do_dominio,pendente_sem_inferencia,fora_do_dominio,fora_do_dominio,fora_do_dominio,fora_do_dominio,fora_do_dominio,fora_do_dominio
cemig-eo-r3-s05-v011,family-f02-05,CAIXA_SUBTERRANEA,EC,E07,network_context,ainda_nao_suportado,pending,,"Forma E01: Contorno ortogonal em L. Caixas compartilham quadrado, octógono e contornos; componentes internos e estado desta variante ainda carecem de positivo/negativo independente.",documented,fora_do_dominio,fora_do_dominio,fora_do_dominio,pendente_sem_inferencia,fora_do_dominio,fora_do_dominio,fora_do_dominio,fora_do_dominio,fora_do_dominio,fora_do_dominio
cemig-eo-r3-s05-v012,family-f02-05,CAIXA_SUBTERRANEA,EC,E07,network_context,ainda_nao_suportado,pending,,"Forma E01: Linha verde angular com colchetes. Caixas compartilham quadrado, octógono e contornos; componentes internos e estado desta variante ainda carecem de positivo/negativo independente.",documented,fora_do_dominio,fora_do_dominio,fora_do_dominio,pendente_sem_inferencia,fora_do_dominio,fora_do_dominio,fora_do_dominio,fora_do_dominio,fora_do_dominio,fora_do_dominio
cemig-eo-r3-s05-v013,family-f02-05,CAIXA_SUBTERRANEA,EC,E07,network_context,ainda_nao_suportado,pending,,"Forma E01: Dois quadrados ciano. Caixas compartilham quadrado, octógono e contornos; componentes internos e estado desta variante ainda carecem de positivo/negativo independente.",documented,fora_do_dominio,fora_do_dominio,fora_do_dominio,pendente_sem_inferencia,fora_do_dominio,fora_do_dominio,fora_do_dominio,fora_do_dominio,fora_do_dominio,fora_do_dominio
cemig-eo-r3-s06-v001,family-f02-06,CAMARA,EC,E07,network_context,reconhecido_exato,enabled,,E07 gramática e positivo autoral com ID exato; sem homologação real,synthetic_only,fora_do_dominio,fora_do_dominio,fora_do_dominio,id_exato_sintetico,fora_do_dominio,fora_do_dominio,fora_do_dominio,fora_do_dominio,fora_do_dominio,fora_do_dominio
cemig-eo-r3-s06-v002,family-f02-06,CAMARA,EC,E07,network_context,ainda_nao_suportado,pending,,Forma E01: Retângulo vermelho com CT; preenchimento diagonal ou X; preenchimento de instalação. Triângulo preenchido e X mudam situação do mesmo quadro CT/CL/CM; falta gramática e negativo específicos deste estado.,documented,fora_do_dominio,fora_do_dominio,fora_do_dominio,pendente_sem_inferencia,fora_do_dominio,fora_do_dominio,fora_do_dominio,fora_do_dominio,fora_do_dominio,fora_do_dominio
cemig-eo-r3-s06-v003,family-f02-06,CAMARA,EC,E07,network_context,ainda_nao_suportado,pending,,Forma E01: Retângulo vermelho com CT; preenchimento diagonal ou X; marca de retirada/substituição. Triângulo preenchido e X mudam situação do mesmo quadro CT/CL/CM; falta gramática e negativo específicos deste estado.,documented,fora_do_dominio,fora_do_dominio,fora_do_dominio,pendente_sem_inferencia,fora_do_dominio,fora_do_dominio,fora_do_dominio,fora_do_dominio,fora_do_dominio,fora_do_dominio
cemig-eo-r3-s06-v004,family-f02-06,CAMARA,EC,E07,network_context,reconhecido_exato,enabled,,E07 gramática e positivo autoral com ID exato; sem homologação real,synthetic_only,fora_do_dominio,fora_do_dominio,fora_do_dominio,id_exato_sintetico,fora_do_dominio,fora_do_dominio,fora_do_dominio,fora_do_dominio,fora_do_dominio,fora_do_dominio
cemig-eo-r3-s06-v005,family-f02-06,CAMARA,EC,E07,network_context,ainda_nao_suportado,pending,,Forma E01: Retângulo CL e preenchimento diagonal. Triângulo preenchido e X mudam situação do mesmo quadro CT/CL/CM; falta gramática e negativo específicos deste estado.,documented,fora_do_dominio,fora_do_dominio,fora_do_dominio,pendente_sem_inferencia,fora_do_dominio,fora_do_dominio,fora_do_dominio,fora_do_dominio,fora_do_dominio,fora_do_dominio
cemig-eo-r3-s06-v006,family-f02-06,CAMARA,EC,E07,network_context,ainda_nao_suportado,pending,,Forma E01: Retângulo CL com X. Triângulo preenchido e X mudam situação do mesmo quadro CT/CL/CM; falta gramática e negativo específicos deste estado.,documented,fora_do_dominio,fora_do_dominio,fora_do_dominio,pendente_sem_inferencia,fora_do_dominio,fora_do_dominio,fora_do_dominio,fora_do_dominio,fora_do_dominio,fora_do_dominio
cemig-eo-r3-s06-v007,family-f02-06,CAMARA,EC,E07,network_context,reconhecido_exato,enabled,,E07 gramática e positivo autoral com ID exato; sem homologação real,synthetic_only,fora_do_dominio,fora_do_dominio,fora_do_dominio,id_exato_sintetico,fora_do_dominio,fora_do_dominio,fora_do_dominio,fora_do_dominio,fora_do_dominio,fora_do_dominio
cemig-eo-r3-s06-v008,family-f02-06,CAMARA,EC,E07,network_context,ainda_nao_suportado,pending,,Forma E01: Retângulo CM; diagonal preenchida ou X; preenchimento de instalação. Triângulo preenchido e X mudam situação do mesmo quadro CT/CL/CM; falta gramática e negativo específicos deste estado.,documented,fora_do_dominio,fora_do_dominio,fora_do_dominio,pendente_sem_inferencia,fora_do_dominio,fora_do_dominio,fora_do_dominio,fora_do_dominio,fora_do_dominio,fora_do_dominio
cemig-eo-r3-s06-v009,family-f02-06,CAMARA,EC,E07,network_context,ainda_nao_suportado,pending,,Forma E01: Retângulo CM; diagonal preenchida ou X; marca de retirada/substituição. Triângulo preenchido e X mudam situação do mesmo quadro CT/CL/CM; falta gramática e negativo específicos deste estado.,documented,fora_do_dominio,fora_do_dominio,fora_do_dominio,pendente_sem_inferencia,fora_do_dominio,fora_do_dominio,fora_do_dominio,fora_do_dominio,fora_do_dominio,fora_do_dominio
cemig-eo-r3-s07-v001,family-f02-07,PLATAFORMA,EC,E07,network_context,reconhecido_exato,enabled,,E07 gramática e positivo autoral com ID exato; sem homologação real,synthetic_only,fora_do_dominio,fora_do_dominio,fora_do_dominio,id_exato_sintetico,fora_do_dominio,fora_do_dominio,fora_do_dominio,fora_do_dominio,fora_do_dominio,fora_do_dominio
cemig-eo-r3-s07-v002,family-f02-07,PLATAFORMA,EC,E07,network_context,reconhecido_exato,enabled,,E07 gramática e positivo autoral com ID exato; sem homologação real,synthetic_only,fora_do_dominio,fora_do_dominio,fora_do_dominio,id_exato_sintetico,fora_do_dominio,fora_do_dominio,fora_do_dominio,fora_do_dominio,fora_do_dominio,fora_do_dominio
cemig-eo-r3-s07-v003,family-f02-07,PLATAFORMA,EC,E07,network_context,reconhecido_exato,enabled,,E07 gramática e positivo autoral com ID exato; sem homologação real,synthetic_only,fora_do_dominio,fora_do_dominio,fora_do_dominio,id_exato_sintetico,fora_do_dominio,fora_do_dominio,fora_do_dominio,fora_do_dominio,fora_do_dominio,fora_do_dominio
cemig-eo-r3-s07-v004,family-f02-07,PLATAFORMA,EC,E07,network_context,reconhecido_exato,enabled,,E07 gramática e positivo autoral com ID exato; sem homologação real,synthetic_only,fora_do_dominio,fora_do_dominio,fora_do_dominio,id_exato_sintetico,fora_do_dominio,fora_do_dominio,fora_do_dominio,fora_do_dominio,fora_do_dominio,fora_do_dominio
cemig-eo-r3-s07-v005,family-f02-07,PLATAFORMA,EC,E07,network_context,reconhecido_exato,enabled,,E07 gramática e positivo autoral com ID exato; sem homologação real,synthetic_only,fora_do_dominio,fora_do_dominio,fora_do_dominio,id_exato_sintetico,fora_do_dominio,fora_do_dominio,fora_do_dominio,fora_do_dominio,fora_do_dominio,fora_do_dominio
cemig-eo-r3-s08-v001,family-f02-08,POSTE_AT,EC,E07,support_review,ainda_nao_suportado,pending,,"Forma E01: Dois círculos. Círculo, retângulo e octógono repetem §3 e outros suportes; material e rede AT exigem contexto além da forma.",documented,fora_do_dominio,fora_do_dominio,fora_do_dominio,pendente_sem_inferencia,fora_do_dominio,fora_do_dominio,fora_do_dominio,fora_do_dominio,fora_do_dominio,fora_do_dominio
cemig-eo-r3-s08-v002,family-f02-08,POSTE_AT,EC,E07,support_review,ainda_nao_suportado,pending,,"Forma E01: Retângulo. Círculo, retângulo e octógono repetem §3 e outros suportes; material e rede AT exigem contexto além da forma.",documented,fora_do_dominio,fora_do_dominio,fora_do_dominio,pendente_sem_inferencia,fora_do_dominio,fora_do_dominio,fora_do_dominio,fora_do_dominio,fora_do_dominio,fora_do_dominio
cemig-eo-r3-s08-v003,family-f02-08,POSTE_AT,EC,E07,support_review,ainda_nao_suportado,pending,,"Forma E01: Círculo. Círculo, retângulo e octógono repetem §3 e outros suportes; material e rede AT exigem contexto além da forma.",documented,fora_do_dominio,fora_do_dominio,fora_do_dominio,pendente_sem_inferencia,fora_do_dominio,fora_do_dominio,fora_do_dominio,fora_do_dominio,fora_do_dominio,fora_do_dominio
cemig-eo-r3-s08-v004,family-f02-08,POSTE_AT,EC,E07,support_review,ainda_nao_suportado,pending,,"Forma E01: Octógono. Círculo, retângulo e octógono repetem §3 e outros suportes; material e rede AT exigem contexto além da forma.",documented,fora_do_dominio,fora_do_dominio,fora_do_dominio,pendente_sem_inferencia,fora_do_dominio,fora_do_dominio,fora_do_dominio,fora_do_dominio,fora_do_dominio,fora_do_dominio
cemig-eo-r3-s08-v005,family-f02-08,POSTE_AT,EC,E07,support_review,ainda_nao_suportado,pending,,"Forma E01: Octógono. Círculo, retângulo e octógono repetem §3 e outros suportes; material e rede AT exigem contexto além da forma.",documented,fora_do_dominio,fora_do_dominio,fora_do_dominio,pendente_sem_inferencia,fora_do_dominio,fora_do_dominio,fora_do_dominio,fora_do_dominio,fora_do_dominio,fora_do_dominio
cemig-eo-r3-s08-v006,family-f02-08,POSTE_AT,EC,E07,support_review,ainda_nao_suportado,pending,,"Forma E01: Anel com centro preto. Círculo, retângulo e octógono repetem §3 e outros suportes; material e rede AT exigem contexto além da forma.",documented,fora_do_dominio,fora_do_dominio,fora_do_dominio,pendente_sem_inferencia,fora_do_dominio,fora_do_dominio,fora_do_dominio,fora_do_dominio,fora_do_dominio,fora_do_dominio
cemig-eo-r3-s09-v001,family-f02-09,SUBESTACAO,EC,E07,network_context,ainda_nao_suportado,pending,,Forma E01: Quadrado vazio. Quadrado simples e cor isolada não distinguem subestação de quadros de legenda ou outras estruturas.,documented,fora_do_dominio,fora_do_dominio,fora_do_dominio,pendente_sem_inferencia,fora_do_dominio,fora_do_dominio,fora_do_dominio,fora_do_dominio,fora_do_dominio,fora_do_dominio
cemig-eo-r3-s09-v002,family-f02-09,SUBESTACAO,EC,E07,network_context,ainda_nao_suportado,pending,,Forma E01: Quadrado laranja. Quadrado simples e cor isolada não distinguem subestação de quadros de legenda ou outras estruturas.,documented,fora_do_dominio,fora_do_dominio,fora_do_dominio,pendente_sem_inferencia,fora_do_dominio,fora_do_dominio,fora_do_dominio,fora_do_dominio,fora_do_dominio,fora_do_dominio
cemig-eo-r3-s09-v003,family-f02-09,SUBESTACAO,EC,E07,network_context,ainda_nao_suportado,pending,,Forma E01: Quadrado azul. Quadrado simples e cor isolada não distinguem subestação de quadros de legenda ou outras estruturas.,documented,fora_do_dominio,fora_do_dominio,fora_do_dominio,pendente_sem_inferencia,fora_do_dominio,fora_do_dominio,fora_do_dominio,fora_do_dominio,fora_do_dominio,fora_do_dominio
cemig-eo-r3-s09-v004,family-f02-09,SUBESTACAO,EC,E07,network_context,ainda_nao_suportado,pending,,Forma E01: Quadrado verde escuro. Quadrado simples e cor isolada não distinguem subestação de quadros de legenda ou outras estruturas.,documented,fora_do_dominio,fora_do_dominio,fora_do_dominio,pendente_sem_inferencia,fora_do_dominio,fora_do_dominio,fora_do_dominio,fora_do_dominio,fora_do_dominio,fora_do_dominio
cemig-eo-r3-s10-v001,family-f02-10,ESTRUTURA_POSTE_MT,EC,E07,support_review,ainda_nao_suportado,pending,,Forma E01: Retângulo horizontal. Retângulos simples se confundem com §12; contorno ortogonal desta variante ainda não tem positivo/negativo independente.,documented,fora_do_dominio,fora_do_dominio,fora_do_dominio,pendente_sem_inferencia,fora_do_dominio,fora_do_dominio,fora_do_dominio,fora_do_dominio,fora_do_dominio,fora_do_dominio
cemig-eo-r3-s10-v002,family-f02-10,ESTRUTURA_POSTE_MT,EC,E07,support_review,ainda_nao_suportado,pending,,Forma E01: Quadrado. Retângulos simples se confundem com §12; contorno ortogonal desta variante ainda não tem positivo/negativo independente.,documented,fora_do_dominio,fora_do_dominio,fora_do_dominio,pendente_sem_inferencia,fora_do_dominio,fora_do_dominio,fora_do_dominio,fora_do_dominio,fora_do_dominio,fora_do_dominio
cemig-eo-r3-s10-v003,family-f02-10,ESTRUTURA_POSTE_MT,EC,E07,support_review,ainda_nao_suportado,pending,,Forma E01: Retângulo horizontal maior. Retângulos simples se confundem com §12; contorno ortogonal desta variante ainda não tem positivo/negativo independente.,documented,fora_do_dominio,fora_do_dominio,fora_do_dominio,pendente_sem_inferencia,fora_do_dominio,fora_do_dominio,fora_do_dominio,fora_do_dominio,fora_do_dominio,fora_do_dominio
cemig-eo-r3-s10-v004,family-f02-10,ESTRUTURA_POSTE_MT,EC,E07,support_review,ainda_nao_suportado,pending,,Forma E01: Contorno em L. Retângulos simples se confundem com §12; contorno ortogonal desta variante ainda não tem positivo/negativo independente.,documented,fora_do_dominio,fora_do_dominio,fora_do_dominio,pendente_sem_inferencia,fora_do_dominio,fora_do_dominio,fora_do_dominio,fora_do_dominio,fora_do_dominio,fora_do_dominio
cemig-eo-r3-s10-v005,family-f02-10,ESTRUTURA_POSTE_MT,EC,E07,support_review,ainda_nao_suportado,pending,,Forma E01: Contorno ortogonal curto. Retângulos simples se confundem com §12; contorno ortogonal desta variante ainda não tem positivo/negativo independente.,documented,fora_do_dominio,fora_do_dominio,fora_do_dominio,pendente_sem_inferencia,fora_do_dominio,fora_do_dominio,fora_do_dominio,fora_do_dominio,fora_do_dominio,fora_do_dominio
cemig-eo-r3-s11-v001,family-f02-11,TORRE_AT,EC,E07,support_review,reconhecido_exato,enabled,,E07 gramática e positivo autoral com ID exato; sem homologação real,synthetic_only,fora_do_dominio,fora_do_dominio,fora_do_dominio,id_exato_sintetico,fora_do_dominio,fora_do_dominio,fora_do_dominio,fora_do_dominio,fora_do_dominio,fora_do_dominio
cemig-eo-r3-s11-v002,family-f02-11,TORRE_AT,EC,E07,support_review,ainda_nao_suportado,pending,,Forma E01: Dois quadrados com diagonais ligados por retângulo. Pórtico-2 e Pórtico-3 compartilham desenho na F02 p13; não duplicar achado sem modelar alternativas da mesma forma.,documented,fora_do_dominio,fora_do_dominio,fora_do_dominio,pendente_sem_inferencia,fora_do_dominio,fora_do_dominio,fora_do_dominio,fora_do_dominio,fora_do_dominio,fora_do_dominio
cemig-eo-r3-s11-v003,family-f02-11,TORRE_AT,EC,E07,support_review,ainda_nao_suportado,pending,,Forma E01: Quadro retangular com dois extremos cruzados. Pórtico-2 e Pórtico-3 compartilham desenho na F02 p13; não duplicar achado sem modelar alternativas da mesma forma.,documented,fora_do_dominio,fora_do_dominio,fora_do_dominio,pendente_sem_inferencia,fora_do_dominio,fora_do_dominio,fora_do_dominio,fora_do_dominio,fora_do_dominio,fora_do_dominio
cemig-eo-r3-s12-v001,family-f02-12,ESTRUTURA_POSTE_AT,EC,E07,support_review,ainda_nao_suportado,pending,,Forma E01: Quadrado. Quadrado e retângulos repetem §10; proporção na tabela não comprova tipo de suporte num projeto.,documented,fora_do_dominio,fora_do_dominio,fora_do_dominio,pendente_sem_inferencia,fora_do_dominio,fora_do_dominio,fora_do_dominio,fora_do_dominio,fora_do_dominio,fora_do_dominio
cemig-eo-r3-s12-v002,family-f02-12,ESTRUTURA_POSTE_AT,EC,E07,support_review,ainda_nao_suportado,pending,,Forma E01: Retângulo horizontal. Quadrado e retângulos repetem §10; proporção na tabela não comprova tipo de suporte num projeto.,documented,fora_do_dominio,fora_do_dominio,fora_do_dominio,pendente_sem_inferencia,fora_do_dominio,fora_do_dominio,fora_do_dominio,fora_do_dominio,fora_do_dominio,fora_do_dominio
cemig-eo-r3-s12-v003,family-f02-12,ESTRUTURA_POSTE_AT,EC,E07,support_review,ainda_nao_suportado,pending,,Forma E01: Retângulo horizontal longo. Quadrado e retângulos repetem §10; proporção na tabela não comprova tipo de suporte num projeto.,documented,fora_do_dominio,fora_do_dominio,fora_do_dominio,pendente_sem_inferencia,fora_do_dominio,fora_do_dominio,fora_do_dominio,fora_do_dominio,fora_do_dominio,fora_do_dominio
cemig-eo-r3-s13-v001,family-f02-13,ESTRUTURA_MONTAGEM_MT_BT,AEC,E07,support_review,ainda_nao_suportado,pending,,"Forma E01: Círculo verde claro. Ponto colorido indica montagem, não ativo isolado; cor, estado e anotação exigem contexto e negativo calibrado.",documented,fora_do_dominio,fora_do_dominio,fora_do_dominio,pendente_sem_inferencia,fora_do_dominio,fora_do_dominio,fora_do_dominio,fora_do_dominio,fora_do_dominio,fora_do_dominio
cemig-eo-r3-s13-v002,family-f02-13,ESTRUTURA_MONTAGEM_MT_BT,AEC,E07,support_review,ainda_nao_suportado,pending,,"Forma E01: Círculo verde escuro. Ponto colorido indica montagem, não ativo isolado; cor, estado e anotação exigem contexto e negativo calibrado.",documented,fora_do_dominio,fora_do_dominio,fora_do_dominio,pendente_sem_inferencia,fora_do_dominio,fora_do_dominio,fora_do_dominio,fora_do_dominio,fora_do_dominio,fora_do_dominio
cemig-eo-r3-s13-v003,family-f02-13,ESTRUTURA_MONTAGEM_MT_BT,AEC,E07,support_review,ainda_nao_suportado,pending,,"Forma E01: Círculo vermelho. Ponto colorido indica montagem, não ativo isolado; cor, estado e anotação exigem contexto e negativo calibrado.",documented,fora_do_dominio,fora_do_dominio,fora_do_dominio,pendente_sem_inferencia,fora_do_dominio,fora_do_dominio,fora_do_dominio,fora_do_dominio,fora_do_dominio,fora_do_dominio
cemig-eo-r3-s13-v004,family-f02-13,CONVENCAO_EO,AEC,E07,document_convention,informativo,pending,,destino sem ativo; pacote pending não significa reconhecimento,documented,fora_do_dominio,fora_do_dominio,fora_do_dominio,pendente_sem_inferencia,fora_do_dominio,fora_do_dominio,fora_do_dominio,fora_do_dominio,informativo_nao_ativo,fora_do_dominio
cemig-eo-r3-s13-v005,family-f02-13,CONVENCAO_EO,AEC,E07,document_convention,informativo,pending,,destino sem ativo; pacote pending não significa reconhecimento,documented,fora_do_dominio,fora_do_dominio,fora_do_dominio,pendente_sem_inferencia,fora_do_dominio,fora_do_dominio,fora_do_dominio,fora_do_dominio,informativo_nao_ativo,fora_do_dominio
cemig-eo-r3-s13-v006,family-f02-13,CONVENCAO_EO,AEC,E07,document_convention,informativo,pending,,destino sem ativo; pacote pending não significa reconhecimento,documented,fora_do_dominio,fora_do_dominio,fora_do_dominio,pendente_sem_inferencia,fora_do_dominio,fora_do_dominio,fora_do_dominio,fora_do_dominio,informativo_nao_ativo,fora_do_dominio
cemig-eo-r3-s14-v001,family-f02-14,ESTAI,AEC,E06,mechanical_relation,alternativa_sem_id_resolvido,nao_aplicavel,cemig-eo-r3-s14-v001;cemig-eo-r3-s14-v002;cemig-eo-r3-s14-v003;cemig-eo-r3-s15-v001,E06 controle autoral pareado; MT/AT e situação indeterminadas,documented,fora_do_dominio,fora_do_dominio,alternativa_sintetica,fora_do_dominio,fora_do_dominio,fora_do_dominio,fora_do_dominio,fora_do_dominio,fora_do_dominio,experimental_rejeitado
cemig-eo-r3-s14-v002,family-f02-14,ESTAI,AEC,E06,mechanical_relation,alternativa_sem_id_resolvido,nao_aplicavel,cemig-eo-r3-s14-v001;cemig-eo-r3-s14-v002;cemig-eo-r3-s14-v003;cemig-eo-r3-s15-v001,E06 controle autoral pareado; MT/AT e situação indeterminadas,documented,fora_do_dominio,fora_do_dominio,alternativa_sintetica,fora_do_dominio,fora_do_dominio,fora_do_dominio,fora_do_dominio,fora_do_dominio,fora_do_dominio,experimental_rejeitado
cemig-eo-r3-s14-v003,family-f02-14,ESTAI,AEC,E06,mechanical_relation,alternativa_sem_id_resolvido,nao_aplicavel,cemig-eo-r3-s14-v001;cemig-eo-r3-s14-v002;cemig-eo-r3-s14-v003;cemig-eo-r3-s15-v001,E06 controle autoral pareado; MT/AT e situação indeterminadas,documented,fora_do_dominio,fora_do_dominio,alternativa_sintetica,fora_do_dominio,fora_do_dominio,fora_do_dominio,fora_do_dominio,fora_do_dominio,fora_do_dominio,experimental_rejeitado
cemig-eo-r3-s14-v004,family-f02-14,ESTAI,AEC,E06,mechanical_relation,alternativa_sem_id_resolvido,nao_aplicavel,cemig-eo-r3-s14-v004;cemig-eo-r3-s14-v005;cemig-eo-r3-s14-v006,E06 controle autoral pareado; MT/AT e situação indeterminadas,documented,fora_do_dominio,fora_do_dominio,alternativa_sintetica,fora_do_dominio,fora_do_dominio,fora_do_dominio,fora_do_dominio,fora_do_dominio,fora_do_dominio,experimental_rejeitado
cemig-eo-r3-s14-v005,family-f02-14,ESTAI,AEC,E06,mechanical_relation,alternativa_sem_id_resolvido,nao_aplicavel,cemig-eo-r3-s14-v004;cemig-eo-r3-s14-v005;cemig-eo-r3-s14-v006,E06 controle autoral pareado; MT/AT e situação indeterminadas,documented,fora_do_dominio,fora_do_dominio,alternativa_sintetica,fora_do_dominio,fora_do_dominio,fora_do_dominio,fora_do_dominio,fora_do_dominio,fora_do_dominio,experimental_rejeitado
cemig-eo-r3-s14-v006,family-f02-14,ESTAI,AEC,E06,mechanical_relation,alternativa_sem_id_resolvido,nao_aplicavel,cemig-eo-r3-s14-v004;cemig-eo-r3-s14-v005;cemig-eo-r3-s14-v006,E06 controle autoral pareado; MT/AT e situação indeterminadas,documented,fora_do_dominio,fora_do_dominio,alternativa_sintetica,fora_do_dominio,fora_do_dominio,fora_do_dominio,fora_do_dominio,fora_do_dominio,fora_do_dominio,experimental_rejeitado
cemig-eo-r3-s14-v007,family-f02-14,ESTAI,AEC,E06,mechanical_relation,alternativa_sem_id_resolvido,nao_aplicavel,cemig-eo-r3-s14-v007;cemig-eo-r3-s14-v008;cemig-eo-r3-s14-v009;cemig-eo-r3-s15-v002,E06 controle autoral pareado; MT/AT e situação indeterminadas,documented,fora_do_dominio,fora_do_dominio,alternativa_sintetica,fora_do_dominio,fora_do_dominio,fora_do_dominio,fora_do_dominio,fora_do_dominio,fora_do_dominio,experimental_rejeitado
cemig-eo-r3-s14-v008,family-f02-14,ESTAI,AEC,E06,mechanical_relation,alternativa_sem_id_resolvido,nao_aplicavel,cemig-eo-r3-s14-v007;cemig-eo-r3-s14-v008;cemig-eo-r3-s14-v009;cemig-eo-r3-s15-v002,E06 controle autoral pareado; MT/AT e situação indeterminadas,documented,fora_do_dominio,fora_do_dominio,alternativa_sintetica,fora_do_dominio,fora_do_dominio,fora_do_dominio,fora_do_dominio,fora_do_dominio,fora_do_dominio,experimental_rejeitado
cemig-eo-r3-s14-v009,family-f02-14,ESTAI,AEC,E06,mechanical_relation,alternativa_sem_id_resolvido,nao_aplicavel,cemig-eo-r3-s14-v007;cemig-eo-r3-s14-v008;cemig-eo-r3-s14-v009;cemig-eo-r3-s15-v002,E06 controle autoral pareado; MT/AT e situação indeterminadas,documented,fora_do_dominio,fora_do_dominio,alternativa_sintetica,fora_do_dominio,fora_do_dominio,fora_do_dominio,fora_do_dominio,fora_do_dominio,fora_do_dominio,experimental_rejeitado
cemig-eo-r3-s14-v010,family-f02-14,ESTAI,AEC,E06,mechanical_relation,alternativa_sem_id_resolvido,nao_aplicavel,cemig-eo-r3-s14-v010;cemig-eo-r3-s14-v011;cemig-eo-r3-s14-v012,E06 controle autoral pareado; MT/AT e situação indeterminadas,documented,fora_do_dominio,fora_do_dominio,alternativa_sintetica,fora_do_dominio,fora_do_dominio,fora_do_dominio,fora_do_dominio,fora_do_dominio,fora_do_dominio,experimental_rejeitado
cemig-eo-r3-s14-v011,family-f02-14,ESTAI,AEC,E06,mechanical_relation,alternativa_sem_id_resolvido,nao_aplicavel,cemig-eo-r3-s14-v010;cemig-eo-r3-s14-v011;cemig-eo-r3-s14-v012,E06 controle autoral pareado; MT/AT e situação indeterminadas,documented,fora_do_dominio,fora_do_dominio,alternativa_sintetica,fora_do_dominio,fora_do_dominio,fora_do_dominio,fora_do_dominio,fora_do_dominio,fora_do_dominio,experimental_rejeitado
cemig-eo-r3-s14-v012,family-f02-14,ESTAI,AEC,E06,mechanical_relation,alternativa_sem_id_resolvido,nao_aplicavel,cemig-eo-r3-s14-v010;cemig-eo-r3-s14-v011;cemig-eo-r3-s14-v012,E06 controle autoral pareado; MT/AT e situação indeterminadas,documented,fora_do_dominio,fora_do_dominio,alternativa_sintetica,fora_do_dominio,fora_do_dominio,fora_do_dominio,fora_do_dominio,fora_do_dominio,fora_do_dominio,experimental_rejeitado
cemig-eo-r3-s14-v013,family-f02-14,ESTAI,AEC,E06,mechanical_relation,alternativa_sem_id_resolvido,nao_aplicavel,cemig-eo-r3-s14-v013;cemig-eo-r3-s14-v014;cemig-eo-r3-s14-v015,E06 controle autoral pareado; MT/AT e situação indeterminadas,documented,fora_do_dominio,fora_do_dominio,alternativa_sintetica,fora_do_dominio,fora_do_dominio,fora_do_dominio,fora_do_dominio,fora_do_dominio,fora_do_dominio,experimental_rejeitado
cemig-eo-r3-s14-v014,family-f02-14,ESTAI,AEC,E06,mechanical_relation,alternativa_sem_id_resolvido,nao_aplicavel,cemig-eo-r3-s14-v013;cemig-eo-r3-s14-v014;cemig-eo-r3-s14-v015,E06 controle autoral pareado; MT/AT e situação indeterminadas,documented,fora_do_dominio,fora_do_dominio,alternativa_sintetica,fora_do_dominio,fora_do_dominio,fora_do_dominio,fora_do_dominio,fora_do_dominio,fora_do_dominio,experimental_rejeitado
cemig-eo-r3-s14-v015,family-f02-14,ESTAI,AEC,E06,mechanical_relation,alternativa_sem_id_resolvido,nao_aplicavel,cemig-eo-r3-s14-v013;cemig-eo-r3-s14-v014;cemig-eo-r3-s14-v015,E06 controle autoral pareado; MT/AT e situação indeterminadas,documented,fora_do_dominio,fora_do_dominio,alternativa_sintetica,fora_do_dominio,fora_do_dominio,fora_do_dominio,fora_do_dominio,fora_do_dominio,fora_do_dominio,experimental_rejeitado
cemig-eo-r3-s15-v001,family-f02-15,ESTAI,AEC,E06,mechanical_relation,alternativa_sem_id_resolvido,nao_aplicavel,cemig-eo-r3-s14-v001;cemig-eo-r3-s14-v002;cemig-eo-r3-s14-v003;cemig-eo-r3-s15-v001,E06 controle autoral pareado; MT/AT e situação indeterminadas,documented,fora_do_dominio,fora_do_dominio,alternativa_sintetica,fora_do_dominio,fora_do_dominio,fora_do_dominio,fora_do_dominio,fora_do_dominio,fora_do_dominio,experimental_rejeitado
cemig-eo-r3-s15-v002,family-f02-15,ESTAI,AEC,E06,mechanical_relation,alternativa_sem_id_resolvido,nao_aplicavel,cemig-eo-r3-s14-v007;cemig-eo-r3-s14-v008;cemig-eo-r3-s14-v009;cemig-eo-r3-s15-v002,E06 controle autoral pareado; MT/AT e situação indeterminadas,documented,fora_do_dominio,fora_do_dominio,alternativa_sintetica,fora_do_dominio,fora_do_dominio,fora_do_dominio,fora_do_dominio,fora_do_dominio,fora_do_dominio,experimental_rejeitado
cemig-eo-r3-s16-v001,family-f02-16,CABO_AEREO,INS,E07,network_context,ainda_nao_suportado,pending,,"Forma E01: Linha contínuo preto. Cor/tracejado de linha aérea só tem sentido com continuidade, tensão e contexto de rede; trecho isolado é ambíguo.",documented,fora_do_dominio,fora_do_dominio,fora_do_dominio,pendente_sem_inferencia,fora_do_dominio,fora_do_dominio,fora_do_dominio,fora_do_dominio,fora_do_dominio,fora_do_dominio
cemig-eo-r3-s16-v002,family-f02-16,CABO_AEREO,INS,E07,network_context,ainda_nao_suportado,pending,,"Forma E01: Linha contínuo verde. Cor/tracejado de linha aérea só tem sentido com continuidade, tensão e contexto de rede; trecho isolado é ambíguo.",documented,fora_do_dominio,fora_do_dominio,fora_do_dominio,pendente_sem_inferencia,fora_do_dominio,fora_do_dominio,fora_do_dominio,fora_do_dominio,fora_do_dominio,fora_do_dominio
cemig-eo-r3-s16-v003,family-f02-16,CABO_AEREO,INS,E07,network_context,ainda_nao_suportado,pending,,"Forma E01: Linha contínuo roxo. Cor/tracejado de linha aérea só tem sentido com continuidade, tensão e contexto de rede; trecho isolado é ambíguo.",documented,fora_do_dominio,fora_do_dominio,fora_do_dominio,pendente_sem_inferencia,fora_do_dominio,fora_do_dominio,fora_do_dominio,fora_do_dominio,fora_do_dominio,fora_do_dominio
cemig-eo-r3-s16-v004,family-f02-16,CABO_AEREO,INS,E07,network_context,ainda_nao_suportado,pending,,"Forma E01: Linha contínuo vermelho. Cor/tracejado de linha aérea só tem sentido com continuidade, tensão e contexto de rede; trecho isolado é ambíguo.",documented,fora_do_dominio,fora_do_dominio,fora_do_dominio,pendente_sem_inferencia,fora_do_dominio,fora_do_dominio,fora_do_dominio,fora_do_dominio,fora_do_dominio,fora_do_dominio
cemig-eo-r3-s16-v005,family-f02-16,CABO_AEREO,INS,E07,network_context,ainda_nao_suportado,pending,,"Forma E01: Linha tracejado longo preto. Cor/tracejado de linha aérea só tem sentido com continuidade, tensão e contexto de rede; trecho isolado é ambíguo.",documented,fora_do_dominio,fora_do_dominio,fora_do_dominio,pendente_sem_inferencia,fora_do_dominio,fora_do_dominio,fora_do_dominio,fora_do_dominio,fora_do_dominio,fora_do_dominio
cemig-eo-r3-s16-v006,family-f02-16,CABO_AEREO,INS,E07,network_context,ainda_nao_suportado,pending,,"Forma E01: Linha tracejado longo verde. Cor/tracejado de linha aérea só tem sentido com continuidade, tensão e contexto de rede; trecho isolado é ambíguo.",documented,fora_do_dominio,fora_do_dominio,fora_do_dominio,pendente_sem_inferencia,fora_do_dominio,fora_do_dominio,fora_do_dominio,fora_do_dominio,fora_do_dominio,fora_do_dominio
cemig-eo-r3-s16-v007,family-f02-16,CABO_AEREO,INS,E07,network_context,ainda_nao_suportado,pending,,"Forma E01: Linha tracejado longo roxo. Cor/tracejado de linha aérea só tem sentido com continuidade, tensão e contexto de rede; trecho isolado é ambíguo.",documented,fora_do_dominio,fora_do_dominio,fora_do_dominio,pendente_sem_inferencia,fora_do_dominio,fora_do_dominio,fora_do_dominio,fora_do_dominio,fora_do_dominio,fora_do_dominio
cemig-eo-r3-s16-v008,family-f02-16,CABO_AEREO,INS,E07,network_context,ainda_nao_suportado,pending,,"Forma E01: Linha tracejado longo vermelho. Cor/tracejado de linha aérea só tem sentido com continuidade, tensão e contexto de rede; trecho isolado é ambíguo.",documented,fora_do_dominio,fora_do_dominio,fora_do_dominio,pendente_sem_inferencia,fora_do_dominio,fora_do_dominio,fora_do_dominio,fora_do_dominio,fora_do_dominio,fora_do_dominio
cemig-eo-r3-s16-v009,family-f02-16,CABO_AEREO,INS,E07,network_context,ainda_nao_suportado,pending,,"Forma E01: Linha tracejado curto preto. Cor/tracejado de linha aérea só tem sentido com continuidade, tensão e contexto de rede; trecho isolado é ambíguo.",documented,fora_do_dominio,fora_do_dominio,fora_do_dominio,pendente_sem_inferencia,fora_do_dominio,fora_do_dominio,fora_do_dominio,fora_do_dominio,fora_do_dominio,fora_do_dominio
cemig-eo-r3-s16-v010,family-f02-16,CABO_AEREO,INS,E07,network_context,ainda_nao_suportado,pending,,"Forma E01: Linha tracejado curto verde. Cor/tracejado de linha aérea só tem sentido com continuidade, tensão e contexto de rede; trecho isolado é ambíguo.",documented,fora_do_dominio,fora_do_dominio,fora_do_dominio,pendente_sem_inferencia,fora_do_dominio,fora_do_dominio,fora_do_dominio,fora_do_dominio,fora_do_dominio,fora_do_dominio
cemig-eo-r3-s16-v011,family-f02-16,CABO_AEREO,INS,E07,network_context,ainda_nao_suportado,pending,,"Forma E01: Linha tracejado curto roxo. Cor/tracejado de linha aérea só tem sentido com continuidade, tensão e contexto de rede; trecho isolado é ambíguo.",documented,fora_do_dominio,fora_do_dominio,fora_do_dominio,pendente_sem_inferencia,fora_do_dominio,fora_do_dominio,fora_do_dominio,fora_do_dominio,fora_do_dominio,fora_do_dominio
cemig-eo-r3-s16-v012,family-f02-16,CABO_AEREO,INS,E07,network_context,ainda_nao_suportado,pending,,"Forma E01: Linha tracejado curto vermelho. Cor/tracejado de linha aérea só tem sentido com continuidade, tensão e contexto de rede; trecho isolado é ambíguo.",documented,fora_do_dominio,fora_do_dominio,fora_do_dominio,pendente_sem_inferencia,fora_do_dominio,fora_do_dominio,fora_do_dominio,fora_do_dominio,fora_do_dominio,fora_do_dominio
cemig-eo-r3-s16-v013,family-f02-16,CABO_AEREO,INS,E07,network_context,ainda_nao_suportado,pending,,"Forma E01: Linha traço/ponto preto. Cor/tracejado de linha aérea só tem sentido com continuidade, tensão e contexto de rede; trecho isolado é ambíguo.",documented,fora_do_dominio,fora_do_dominio,fora_do_dominio,pendente_sem_inferencia,fora_do_dominio,fora_do_dominio,fora_do_dominio,fora_do_dominio,fora_do_dominio,fora_do_dominio
cemig-eo-r3-s16-v014,family-f02-16,CABO_AEREO,INS,E07,network_context,ainda_nao_suportado,pending,,"Forma E01: Linha traço/ponto verde. Cor/tracejado de linha aérea só tem sentido com continuidade, tensão e contexto de rede; trecho isolado é ambíguo.",documented,fora_do_dominio,fora_do_dominio,fora_do_dominio,pendente_sem_inferencia,fora_do_dominio,fora_do_dominio,fora_do_dominio,fora_do_dominio,fora_do_dominio,fora_do_dominio
cemig-eo-r3-s16-v015,family-f02-16,CABO_AEREO,INS,E07,network_context,ainda_nao_suportado,pending,,"Forma E01: Linha traço/ponto roxo. Cor/tracejado de linha aérea só tem sentido com continuidade, tensão e contexto de rede; trecho isolado é ambíguo.",documented,fora_do_dominio,fora_do_dominio,fora_do_dominio,pendente_sem_inferencia,fora_do_dominio,fora_do_dominio,fora_do_dominio,fora_do_dominio,fora_do_dominio,fora_do_dominio
cemig-eo-r3-s16-v016,family-f02-16,CABO_AEREO,INS,E07,network_context,ainda_nao_suportado,pending,,"Forma E01: Linha traço/ponto vermelho. Cor/tracejado de linha aérea só tem sentido com continuidade, tensão e contexto de rede; trecho isolado é ambíguo.",documented,fora_do_dominio,fora_do_dominio,fora_do_dominio,pendente_sem_inferencia,fora_do_dominio,fora_do_dominio,fora_do_dominio,fora_do_dominio,fora_do_dominio,fora_do_dominio
cemig-eo-r3-s17-v001,family-f02-17,CABO_SUBTERRANEO,INS,E07,network_context,ainda_nao_suportado,pending,,Forma E01: Linha contínuo marrom. Cor/tracejado de linha subterrânea só tem sentido com continuidade e componente associado; trecho isolado é ambíguo.,documented,fora_do_dominio,fora_do_dominio,fora_do_dominio,pendente_sem_inferencia,fora_do_dominio,fora_do_dominio,fora_do_dominio,fora_do_dominio,fora_do_dominio,fora_do_dominio
cemig-eo-r3-s17-v002,family-f02-17,CABO_SUBTERRANEO,INS,E07,network_context,ainda_nao_suportado,pending,,Forma E01: Linha contínuo verde. Cor/tracejado de linha subterrânea só tem sentido com continuidade e componente associado; trecho isolado é ambíguo.,documented,fora_do_dominio,fora_do_dominio,fora_do_dominio,pendente_sem_inferencia,fora_do_dominio,fora_do_dominio,fora_do_dominio,fora_do_dominio,fora_do_dominio,fora_do_dominio
cemig-eo-r3-s17-v003,family-f02-17,CABO_SUBTERRANEO,INS,E07,network_context,ainda_nao_suportado,pending,,Forma E01: Linha contínuo roxo. Cor/tracejado de linha subterrânea só tem sentido com continuidade e componente associado; trecho isolado é ambíguo.,documented,fora_do_dominio,fora_do_dominio,fora_do_dominio,pendente_sem_inferencia,fora_do_dominio,fora_do_dominio,fora_do_dominio,fora_do_dominio,fora_do_dominio,fora_do_dominio
cemig-eo-r3-s17-v004,family-f02-17,CABO_SUBTERRANEO,INS,E07,network_context,ainda_nao_suportado,pending,,Forma E01: Linha contínuo vermelho. Cor/tracejado de linha subterrânea só tem sentido com continuidade e componente associado; trecho isolado é ambíguo.,documented,fora_do_dominio,fora_do_dominio,fora_do_dominio,pendente_sem_inferencia,fora_do_dominio,fora_do_dominio,fora_do_dominio,fora_do_dominio,fora_do_dominio,fora_do_dominio
cemig-eo-r3-s17-v005,family-f02-17,CABO_SUBTERRANEO,INS,E07,network_context,ainda_nao_suportado,pending,,Forma E01: Linha tracejado longo preto; componente amarelo adicional no MT subterrâneo. Cor/tracejado de linha subterrânea só tem sentido com continuidade e componente associado; trecho isolado é ambíguo.,documented,fora_do_dominio,fora_do_dominio,fora_do_dominio,pendente_sem_inferencia,fora_do_dominio,fora_do_dominio,fora_do_dominio,fora_do_dominio,fora_do_dominio,fora_do_dominio
cemig-eo-r3-s17-v006,family-f02-17,CABO_SUBTERRANEO,INS,E07,network_context,ainda_nao_suportado,pending,,Forma E01: Linha tracejado longo verde; componente amarelo adicional no MT subterrâneo. Cor/tracejado de linha subterrânea só tem sentido com continuidade e componente associado; trecho isolado é ambíguo.,documented,fora_do_dominio,fora_do_dominio,fora_do_dominio,pendente_sem_inferencia,fora_do_dominio,fora_do_dominio,fora_do_dominio,fora_do_dominio,fora_do_dominio,fora_do_dominio
cemig-eo-r3-s17-v007,family-f02-17,CABO_SUBTERRANEO,INS,E07,network_context,ainda_nao_suportado,pending,,Forma E01: Linha tracejado longo roxo; componente amarelo adicional no MT subterrâneo. Cor/tracejado de linha subterrânea só tem sentido com continuidade e componente associado; trecho isolado é ambíguo.,documented,fora_do_dominio,fora_do_dominio,fora_do_dominio,pendente_sem_inferencia,fora_do_dominio,fora_do_dominio,fora_do_dominio,fora_do_dominio,fora_do_dominio,fora_do_dominio
cemig-eo-r3-s17-v008,family-f02-17,CABO_SUBTERRANEO,INS,E07,network_context,ainda_nao_suportado,pending,,Forma E01: Linha tracejado longo vermelho; componente amarelo adicional no MT subterrâneo. Cor/tracejado de linha subterrânea só tem sentido com continuidade e componente associado; trecho isolado é ambíguo.,documented,fora_do_dominio,fora_do_dominio,fora_do_dominio,pendente_sem_inferencia,fora_do_dominio,fora_do_dominio,fora_do_dominio,fora_do_dominio,fora_do_dominio,fora_do_dominio
cemig-eo-r3-s17-v009,family-f02-17,CABO_SUBTERRANEO,INS,E07,network_context,ainda_nao_suportado,pending,,Forma E01: Linha tracejado curto preto; componente amarelo adicional no MT subterrâneo. Cor/tracejado de linha subterrânea só tem sentido com continuidade e componente associado; trecho isolado é ambíguo.,documented,fora_do_dominio,fora_do_dominio,fora_do_dominio,pendente_sem_inferencia,fora_do_dominio,fora_do_dominio,fora_do_dominio,fora_do_dominio,fora_do_dominio,fora_do_dominio
cemig-eo-r3-s17-v010,family-f02-17,CABO_SUBTERRANEO,INS,E07,network_context,ainda_nao_suportado,pending,,Forma E01: Linha tracejado curto verde; componente amarelo adicional no MT subterrâneo. Cor/tracejado de linha subterrânea só tem sentido com continuidade e componente associado; trecho isolado é ambíguo.,documented,fora_do_dominio,fora_do_dominio,fora_do_dominio,pendente_sem_inferencia,fora_do_dominio,fora_do_dominio,fora_do_dominio,fora_do_dominio,fora_do_dominio,fora_do_dominio
cemig-eo-r3-s17-v011,family-f02-17,CABO_SUBTERRANEO,INS,E07,network_context,ainda_nao_suportado,pending,,Forma E01: Linha tracejado curto roxo; componente amarelo adicional no MT subterrâneo. Cor/tracejado de linha subterrânea só tem sentido com continuidade e componente associado; trecho isolado é ambíguo.,documented,fora_do_dominio,fora_do_dominio,fora_do_dominio,pendente_sem_inferencia,fora_do_dominio,fora_do_dominio,fora_do_dominio,fora_do_dominio,fora_do_dominio,fora_do_dominio
cemig-eo-r3-s17-v012,family-f02-17,CABO_SUBTERRANEO,INS,E07,network_context,ainda_nao_suportado,pending,,Forma E01: Linha tracejado curto vermelho; componente amarelo adicional no MT subterrâneo. Cor/tracejado de linha subterrânea só tem sentido com continuidade e componente associado; trecho isolado é ambíguo.,documented,fora_do_dominio,fora_do_dominio,fora_do_dominio,pendente_sem_inferencia,fora_do_dominio,fora_do_dominio,fora_do_dominio,fora_do_dominio,fora_do_dominio,fora_do_dominio
cemig-eo-r3-s17-v013,family-f02-17,CABO_SUBTERRANEO,INS,E07,network_context,ainda_nao_suportado,pending,,Forma E01: Linha traço/ponto preto; componente amarelo adicional no MT subterrâneo. Cor/tracejado de linha subterrânea só tem sentido com continuidade e componente associado; trecho isolado é ambíguo.,documented,fora_do_dominio,fora_do_dominio,fora_do_dominio,pendente_sem_inferencia,fora_do_dominio,fora_do_dominio,fora_do_dominio,fora_do_dominio,fora_do_dominio,fora_do_dominio
cemig-eo-r3-s17-v014,family-f02-17,CABO_SUBTERRANEO,INS,E07,network_context,ainda_nao_suportado,pending,,Forma E01: Linha traço/ponto verde; componente amarelo adicional no MT subterrâneo. Cor/tracejado de linha subterrânea só tem sentido com continuidade e componente associado; trecho isolado é ambíguo.,documented,fora_do_dominio,fora_do_dominio,fora_do_dominio,pendente_sem_inferencia,fora_do_dominio,fora_do_dominio,fora_do_dominio,fora_do_dominio,fora_do_dominio,fora_do_dominio
cemig-eo-r3-s17-v015,family-f02-17,CABO_SUBTERRANEO,INS,E07,network_context,ainda_nao_suportado,pending,,Forma E01: Linha traço/ponto roxo; componente amarelo adicional no MT subterrâneo. Cor/tracejado de linha subterrânea só tem sentido com continuidade e componente associado; trecho isolado é ambíguo.,documented,fora_do_dominio,fora_do_dominio,fora_do_dominio,pendente_sem_inferencia,fora_do_dominio,fora_do_dominio,fora_do_dominio,fora_do_dominio,fora_do_dominio,fora_do_dominio
cemig-eo-r3-s17-v016,family-f02-17,CABO_SUBTERRANEO,INS,E07,network_context,ainda_nao_suportado,pending,,Forma E01: Linha traço/ponto vermelho; componente amarelo adicional no MT subterrâneo. Cor/tracejado de linha subterrânea só tem sentido com continuidade e componente associado; trecho isolado é ambíguo.,documented,fora_do_dominio,fora_do_dominio,fora_do_dominio,pendente_sem_inferencia,fora_do_dominio,fora_do_dominio,fora_do_dominio,fora_do_dominio,fora_do_dominio,fora_do_dominio
cemig-eo-r3-s16-v017,family-f02-16,CABO_AEREO,INS,E07,network_context,ainda_nao_suportado,pending,,"Forma E01: Linha contínua azul. Cor/tracejado de linha aérea só tem sentido com continuidade, tensão e contexto de rede; trecho isolado é ambíguo.",documented,fora_do_dominio,fora_do_dominio,fora_do_dominio,pendente_sem_inferencia,fora_do_dominio,fora_do_dominio,fora_do_dominio,fora_do_dominio,fora_do_dominio,fora_do_dominio
cemig-eo-r3-s16-v018,family-f02-16,CABO_AEREO,INS,E07,network_context,ainda_nao_suportado,pending,,"Forma E01: Linha contínua preto. Cor/tracejado de linha aérea só tem sentido com continuidade, tensão e contexto de rede; trecho isolado é ambíguo.",documented,fora_do_dominio,fora_do_dominio,fora_do_dominio,pendente_sem_inferencia,fora_do_dominio,fora_do_dominio,fora_do_dominio,fora_do_dominio,fora_do_dominio,fora_do_dominio
cemig-eo-r3-s16-v019,family-f02-16,CABO_AEREO,INS,E07,network_context,ainda_nao_suportado,pending,,"Forma E01: Linha contínua vermelho. Cor/tracejado de linha aérea só tem sentido com continuidade, tensão e contexto de rede; trecho isolado é ambíguo.",documented,fora_do_dominio,fora_do_dominio,fora_do_dominio,pendente_sem_inferencia,fora_do_dominio,fora_do_dominio,fora_do_dominio,fora_do_dominio,fora_do_dominio,fora_do_dominio
cemig-eo-r3-s16-v020,family-f02-16,CABO_AEREO,INS,E07,network_context,ainda_nao_suportado,pending,,"Forma E01: Linha contínua ciano. Cor/tracejado de linha aérea só tem sentido com continuidade, tensão e contexto de rede; trecho isolado é ambíguo.",documented,fora_do_dominio,fora_do_dominio,fora_do_dominio,pendente_sem_inferencia,fora_do_dominio,fora_do_dominio,fora_do_dominio,fora_do_dominio,fora_do_dominio,fora_do_dominio
cemig-eo-r3-s16-v021,family-f02-16,CABO_AEREO,INS,E07,network_context,ainda_nao_suportado,pending,,"Forma E01: Linha contínua cinza. Cor/tracejado de linha aérea só tem sentido com continuidade, tensão e contexto de rede; trecho isolado é ambíguo.",documented,fora_do_dominio,fora_do_dominio,fora_do_dominio,pendente_sem_inferencia,fora_do_dominio,fora_do_dominio,fora_do_dominio,fora_do_dominio,fora_do_dominio,fora_do_dominio
cemig-eo-r3-s16-v022,family-f02-16,CABO_AEREO,INS,E07,network_context,ainda_nao_suportado,pending,,"Forma E01: Linha contínua cinza. Cor/tracejado de linha aérea só tem sentido com continuidade, tensão e contexto de rede; trecho isolado é ambíguo.",documented,fora_do_dominio,fora_do_dominio,fora_do_dominio,pendente_sem_inferencia,fora_do_dominio,fora_do_dominio,fora_do_dominio,fora_do_dominio,fora_do_dominio,fora_do_dominio
cemig-eo-r3-s17-v017,family-f02-17,CABO_SUBTERRANEO,INS,E07,network_context,ainda_nao_suportado,pending,,Forma E01: Linha contínua preta. Cor/tracejado de linha subterrânea só tem sentido com continuidade e componente associado; trecho isolado é ambíguo.,documented,fora_do_dominio,fora_do_dominio,fora_do_dominio,pendente_sem_inferencia,fora_do_dominio,fora_do_dominio,fora_do_dominio,fora_do_dominio,fora_do_dominio,fora_do_dominio
cemig-eo-r3-s18-v001,family-f02-18,TRANSFORMADOR,INS,E05,equipment_review,alternativa_sem_id_resolvido,nao_aplicavel,cemig-eo-r3-s18-v001;cemig-eo-r3-s18-v002;cemig-eo-r3-s18-v003;cemig-eo-r3-s18-v004;cemig-eo-r3-s18-v005;cemig-eo-r3-s18-v006,E05 controle autoral pareado; referências possíveis na predição,documented,fora_do_dominio,alternativa_sintetica,fora_do_dominio,fora_do_dominio,classe_sem_id,indisponivel,fora_do_dominio,fora_do_dominio,fora_do_dominio,experimental_rejeitado
cemig-eo-r3-s18-v002,family-f02-18,TRANSFORMADOR,INS,E05,equipment_review,alternativa_sem_id_resolvido,nao_aplicavel,cemig-eo-r3-s18-v002;cemig-eo-r3-s18-v005,E05 controle autoral pareado; referências possíveis na predição,documented,fora_do_dominio,alternativa_sintetica,fora_do_dominio,fora_do_dominio,classe_sem_id,indisponivel,fora_do_dominio,fora_do_dominio,fora_do_dominio,experimental_rejeitado
cemig-eo-r3-s18-v003,family-f02-18,TRANSFORMADOR,INS,E05,equipment_review,alternativa_sem_id_resolvido,nao_aplicavel,cemig-eo-r3-s18-v003;cemig-eo-r3-s18-v006,E05 controle autoral pareado; referências possíveis na predição,documented,fora_do_dominio,alternativa_sintetica,fora_do_dominio,fora_do_dominio,classe_sem_id,indisponivel,fora_do_dominio,fora_do_dominio,fora_do_dominio,experimental_rejeitado
cemig-eo-r3-s18-v004,family-f02-18,TRANSFORMADOR,INS,E05,equipment_review,alternativa_sem_id_resolvido,nao_aplicavel,cemig-eo-r3-s18-v001;cemig-eo-r3-s18-v002;cemig-eo-r3-s18-v003;cemig-eo-r3-s18-v004;cemig-eo-r3-s18-v005;cemig-eo-r3-s18-v006,E05 controle autoral pareado; referências possíveis na predição,documented,fora_do_dominio,alternativa_sintetica,fora_do_dominio,fora_do_dominio,classe_sem_id,indisponivel,fora_do_dominio,fora_do_dominio,fora_do_dominio,experimental_rejeitado
cemig-eo-r3-s18-v005,family-f02-18,TRANSFORMADOR,INS,E05,equipment_review,alternativa_sem_id_resolvido,nao_aplicavel,cemig-eo-r3-s18-v002;cemig-eo-r3-s18-v005,E05 controle autoral pareado; referências possíveis na predição,documented,fora_do_dominio,alternativa_sintetica,fora_do_dominio,fora_do_dominio,classe_sem_id,indisponivel,fora_do_dominio,fora_do_dominio,fora_do_dominio,experimental_rejeitado
cemig-eo-r3-s18-v006,family-f02-18,TRANSFORMADOR,INS,E05,equipment_review,alternativa_sem_id_resolvido,nao_aplicavel,cemig-eo-r3-s18-v003;cemig-eo-r3-s18-v006,E05 controle autoral pareado; referências possíveis na predição,documented,fora_do_dominio,alternativa_sintetica,fora_do_dominio,fora_do_dominio,classe_sem_id,indisponivel,fora_do_dominio,fora_do_dominio,fora_do_dominio,experimental_rejeitado
cemig-eo-r3-s18-v007,family-f02-18,TRANSFORMADOR,INS,E05,equipment_review,alternativa_sem_id_resolvido,nao_aplicavel,cemig-eo-r3-s18-v007;cemig-eo-r3-s18-v008;cemig-eo-r3-s18-v009;cemig-eo-r3-s18-v010;cemig-eo-r3-s18-v011;cemig-eo-r3-s18-v012;cemig-eo-r3-s18-v013;cemig-eo-r3-s18-v014;cemig-eo-r3-s18-v015,E05 controle autoral pareado; referências possíveis na predição,documented,fora_do_dominio,alternativa_sintetica,fora_do_dominio,fora_do_dominio,classe_sem_id,indisponivel,fora_do_dominio,fora_do_dominio,fora_do_dominio,experimental_rejeitado
cemig-eo-r3-s18-v008,family-f02-18,TRANSFORMADOR,INS,E05,equipment_review,alternativa_sem_id_resolvido,nao_aplicavel,cemig-eo-r3-s18-v008;cemig-eo-r3-s18-v011;cemig-eo-r3-s18-v014,E05 controle autoral pareado; referências possíveis na predição,documented,fora_do_dominio,alternativa_sintetica,fora_do_dominio,fora_do_dominio,classe_sem_id,indisponivel,fora_do_dominio,fora_do_dominio,fora_do_dominio,experimental_rejeitado
cemig-eo-r3-s18-v009,family-f02-18,TRANSFORMADOR,INS,E05,equipment_review,alternativa_sem_id_resolvido,nao_aplicavel,cemig-eo-r3-s18-v009;cemig-eo-r3-s18-v012;cemig-eo-r3-s18-v015,E05 controle autoral pareado; referências possíveis na predição,documented,fora_do_dominio,alternativa_sintetica,fora_do_dominio,fora_do_dominio,classe_sem_id,indisponivel,fora_do_dominio,fora_do_dominio,fora_do_dominio,experimental_rejeitado
cemig-eo-r3-s18-v010,family-f02-18,TRANSFORMADOR,INS,E05,equipment_review,alternativa_sem_id_resolvido,nao_aplicavel,cemig-eo-r3-s18-v007;cemig-eo-r3-s18-v008;cemig-eo-r3-s18-v009;cemig-eo-r3-s18-v010;cemig-eo-r3-s18-v011;cemig-eo-r3-s18-v012;cemig-eo-r3-s18-v013;cemig-eo-r3-s18-v014;cemig-eo-r3-s18-v015,E05 controle autoral pareado; referências possíveis na predição,documented,fora_do_dominio,alternativa_sintetica,fora_do_dominio,fora_do_dominio,classe_sem_id,indisponivel,fora_do_dominio,fora_do_dominio,fora_do_dominio,experimental_rejeitado
cemig-eo-r3-s18-v011,family-f02-18,TRANSFORMADOR,INS,E05,equipment_review,alternativa_sem_id_resolvido,nao_aplicavel,cemig-eo-r3-s18-v008;cemig-eo-r3-s18-v011;cemig-eo-r3-s18-v014,E05 controle autoral pareado; referências possíveis na predição,documented,fora_do_dominio,alternativa_sintetica,fora_do_dominio,fora_do_dominio,classe_sem_id,indisponivel,fora_do_dominio,fora_do_dominio,fora_do_dominio,experimental_rejeitado
cemig-eo-r3-s18-v012,family-f02-18,TRANSFORMADOR,INS,E05,equipment_review,alternativa_sem_id_resolvido,nao_aplicavel,cemig-eo-r3-s18-v009;cemig-eo-r3-s18-v012;cemig-eo-r3-s18-v015,E05 controle autoral pareado; referências possíveis na predição,documented,fora_do_dominio,alternativa_sintetica,fora_do_dominio,fora_do_dominio,classe_sem_id,indisponivel,fora_do_dominio,fora_do_dominio,fora_do_dominio,experimental_rejeitado
cemig-eo-r3-s18-v013,family-f02-18,TRANSFORMADOR,INS,E05,equipment_review,alternativa_sem_id_resolvido,nao_aplicavel,cemig-eo-r3-s18-v007;cemig-eo-r3-s18-v008;cemig-eo-r3-s18-v009;cemig-eo-r3-s18-v010;cemig-eo-r3-s18-v011;cemig-eo-r3-s18-v012;cemig-eo-r3-s18-v013;cemig-eo-r3-s18-v014;cemig-eo-r3-s18-v015,E05 controle autoral pareado; referências possíveis na predição,documented,fora_do_dominio,alternativa_sintetica,fora_do_dominio,fora_do_dominio,classe_sem_id,indisponivel,fora_do_dominio,fora_do_dominio,fora_do_dominio,experimental_rejeitado
cemig-eo-r3-s18-v014,family-f02-18,TRANSFORMADOR,INS,E05,equipment_review,alternativa_sem_id_resolvido,nao_aplicavel,cemig-eo-r3-s18-v008;cemig-eo-r3-s18-v011;cemig-eo-r3-s18-v014,E05 controle autoral pareado; referências possíveis na predição,documented,fora_do_dominio,alternativa_sintetica,fora_do_dominio,fora_do_dominio,classe_sem_id,indisponivel,fora_do_dominio,fora_do_dominio,fora_do_dominio,experimental_rejeitado
cemig-eo-r3-s18-v015,family-f02-18,TRANSFORMADOR,INS,E05,equipment_review,alternativa_sem_id_resolvido,nao_aplicavel,cemig-eo-r3-s18-v009;cemig-eo-r3-s18-v012;cemig-eo-r3-s18-v015,E05 controle autoral pareado; referências possíveis na predição,documented,fora_do_dominio,alternativa_sintetica,fora_do_dominio,fora_do_dominio,classe_sem_id,indisponivel,fora_do_dominio,fora_do_dominio,fora_do_dominio,experimental_rejeitado
cemig-eo-r3-s18-v016,family-f02-18,TRANSFORMADOR,INS,E05,equipment_review,alternativa_sem_id_resolvido,nao_aplicavel,cemig-eo-r3-s18-v016;cemig-eo-r3-s18-v017;cemig-eo-r3-s18-v018,E05 controle autoral pareado; referências possíveis na predição,documented,fora_do_dominio,alternativa_sintetica,fora_do_dominio,fora_do_dominio,classe_sem_id,indisponivel,fora_do_dominio,fora_do_dominio,fora_do_dominio,experimental_rejeitado
cemig-eo-r3-s18-v017,family-f02-18,TRANSFORMADOR,INS,E05,equipment_review,reconhecido_exato,nao_aplicavel,cemig-eo-r3-s18-v017,E05 controle autoral pareado; referências possíveis na predição,synthetic_only,fora_do_dominio,id_exato_sintetico,fora_do_dominio,fora_do_dominio,classe_sem_id,indisponivel,fora_do_dominio,fora_do_dominio,fora_do_dominio,experimental_rejeitado
cemig-eo-r3-s18-v018,family-f02-18,TRANSFORMADOR,INS,E05,equipment_review,reconhecido_exato,nao_aplicavel,cemig-eo-r3-s18-v018,E05 controle autoral pareado; referências possíveis na predição,synthetic_only,fora_do_dominio,id_exato_sintetico,fora_do_dominio,fora_do_dominio,classe_sem_id,indisponivel,fora_do_dominio,fora_do_dominio,fora_do_dominio,experimental_rejeitado
cemig-eo-r3-s18-v019,family-f02-18,TRANSFORMADOR,INS,E05,equipment_review,reconhecido_exato,nao_aplicavel,cemig-eo-r3-s18-v019,E05 controle autoral pareado; referências possíveis na predição,synthetic_only,fora_do_dominio,id_exato_sintetico,fora_do_dominio,fora_do_dominio,classe_sem_id,indisponivel,fora_do_dominio,fora_do_dominio,fora_do_dominio,experimental_rejeitado
cemig-eo-r3-s18-v020,family-f02-18,TRANSFORMADOR,INS,E05,equipment_review,reconhecido_exato,nao_aplicavel,cemig-eo-r3-s18-v020,E05 controle autoral pareado; referências possíveis na predição,synthetic_only,fora_do_dominio,id_exato_sintetico,fora_do_dominio,fora_do_dominio,classe_sem_id,indisponivel,fora_do_dominio,fora_do_dominio,fora_do_dominio,experimental_rejeitado
cemig-eo-r3-s18-v021,family-f02-18,TRANSFORMADOR,INS,E05,equipment_review,reconhecido_exato,nao_aplicavel,cemig-eo-r3-s18-v021,E05 controle autoral pareado; referências possíveis na predição,synthetic_only,fora_do_dominio,id_exato_sintetico,fora_do_dominio,fora_do_dominio,classe_sem_id,indisponivel,fora_do_dominio,fora_do_dominio,fora_do_dominio,experimental_rejeitado
cemig-eo-r3-s18-v022,family-f02-18,TRANSFORMADOR,INS,E05,equipment_review,reconhecido_exato,nao_aplicavel,cemig-eo-r3-s18-v022,E05 controle autoral pareado; referências possíveis na predição,synthetic_only,fora_do_dominio,id_exato_sintetico,fora_do_dominio,fora_do_dominio,classe_sem_id,indisponivel,fora_do_dominio,fora_do_dominio,fora_do_dominio,experimental_rejeitado
cemig-eo-r3-s18-v023,family-f02-18,TRANSFORMADOR,INS,E05,equipment_review,reconhecido_exato,nao_aplicavel,cemig-eo-r3-s18-v023,E05 controle autoral pareado; referências possíveis na predição,synthetic_only,fora_do_dominio,id_exato_sintetico,fora_do_dominio,fora_do_dominio,classe_sem_id,indisponivel,fora_do_dominio,fora_do_dominio,fora_do_dominio,experimental_rejeitado
cemig-eo-r3-s18-v024,family-f02-18,REGULADOR_TENSAO,INS,E07,equipment_review,ainda_nao_suportado,pending,,Forma E01: Enrolamento atravessado por seta. Enrolamento/círculo com seta exige discriminador de preenchimento/X e negativo contra transformador/proteção.,documented,fora_do_dominio,fora_do_dominio,fora_do_dominio,pendente_sem_inferencia,fora_do_dominio,fora_do_dominio,fora_do_dominio,fora_do_dominio,fora_do_dominio,fora_do_dominio
cemig-eo-r3-s18-v025,family-f02-18,REGULADOR_TENSAO,INS,E07,equipment_review,ainda_nao_suportado,pending,,Forma E01: Círculo vazio atravessado por seta. Enrolamento/círculo com seta exige discriminador de preenchimento/X e negativo contra transformador/proteção.,documented,fora_do_dominio,fora_do_dominio,fora_do_dominio,pendente_sem_inferencia,fora_do_dominio,fora_do_dominio,fora_do_dominio,fora_do_dominio,fora_do_dominio,fora_do_dominio
cemig-eo-r3-s18-v026,family-f02-18,REGULADOR_TENSAO,INS,E07,equipment_review,ainda_nao_suportado,pending,,Forma E01: Círculo metade preenchida atravessado por seta. Enrolamento/círculo com seta exige discriminador de preenchimento/X e negativo contra transformador/proteção.,documented,fora_do_dominio,fora_do_dominio,fora_do_dominio,pendente_sem_inferencia,fora_do_dominio,fora_do_dominio,fora_do_dominio,fora_do_dominio,fora_do_dominio,fora_do_dominio
cemig-eo-r3-s18-v027,family-f02-18,REGULADOR_TENSAO,INS,E07,equipment_review,ainda_nao_suportado,pending,,Forma E01: Círculo X vermelho atravessado por seta. Enrolamento/círculo com seta exige discriminador de preenchimento/X e negativo contra transformador/proteção.,documented,fora_do_dominio,fora_do_dominio,fora_do_dominio,pendente_sem_inferencia,fora_do_dominio,fora_do_dominio,fora_do_dominio,fora_do_dominio,fora_do_dominio,fora_do_dominio
cemig-eo-r3-s19-v001,family-f02-19,ATERRAMENTO,INS,E04,network_context,nao_avaliavel,nao_aplicavel,,"E04 mede classe visual, sem referência/saída por ID E01",documented,classe_sem_id,fora_do_dominio,fora_do_dominio,fora_do_dominio,classe_sem_id,indisponivel,experimental_rejeitado,experimental_rejeitado,fora_do_dominio,experimental_rejeitado
cemig-eo-r3-s19-v002,family-f02-19,ATERRAMENTO,INS,E04,network_context,nao_avaliavel,nao_aplicavel,,"E04 mede classe visual, sem referência/saída por ID E01",documented,classe_sem_id,fora_do_dominio,fora_do_dominio,fora_do_dominio,classe_sem_id,indisponivel,experimental_rejeitado,experimental_rejeitado,fora_do_dominio,experimental_rejeitado
cemig-eo-r3-s19-v003,family-f02-19,ATERRAMENTO,INS,E04,network_context,nao_avaliavel,nao_aplicavel,,"E04 mede classe visual, sem referência/saída por ID E01",documented,classe_sem_id,fora_do_dominio,fora_do_dominio,fora_do_dominio,classe_sem_id,indisponivel,experimental_rejeitado,experimental_rejeitado,fora_do_dominio,experimental_rejeitado
cemig-eo-r3-s19-v004,family-f02-19,ATERRAMENTO,INS,E04,network_context,nao_avaliavel,nao_aplicavel,,"E04 mede classe visual, sem referência/saída por ID E01",documented,classe_sem_id,fora_do_dominio,fora_do_dominio,fora_do_dominio,classe_sem_id,indisponivel,experimental_rejeitado,experimental_rejeitado,fora_do_dominio,experimental_rejeitado
cemig-eo-r3-s19-v005,family-f02-19,CONECTOR,INS,E07,network_context,ainda_nao_suportado,pending,,"Forma E01: Haste com extremidade quadrangular aberta; símbolo base. Haste/terminação requer separar conector, aterramento e marcas de situação; positivo/negativo ainda não validado.",documented,fora_do_dominio,fora_do_dominio,fora_do_dominio,pendente_sem_inferencia,fora_do_dominio,fora_do_dominio,fora_do_dominio,fora_do_dominio,fora_do_dominio,fora_do_dominio
cemig-eo-r3-s19-v006,family-f02-19,CONECTOR,INS,E07,network_context,ainda_nao_suportado,pending,,"Forma E01: Haste com extremidade quadrangular aberta; círculo/oval envolvente. Haste/terminação requer separar conector, aterramento e marcas de situação; positivo/negativo ainda não validado.",documented,fora_do_dominio,fora_do_dominio,fora_do_dominio,pendente_sem_inferencia,fora_do_dominio,fora_do_dominio,fora_do_dominio,fora_do_dominio,fora_do_dominio,fora_do_dominio
cemig-eo-r3-s19-v007,family-f02-19,CONECTOR,INS,E07,network_context,ainda_nao_suportado,pending,,"Forma E01: Haste com extremidade quadrangular aberta; círculo/oval e X vermelho. Haste/terminação requer separar conector, aterramento e marcas de situação; positivo/negativo ainda não validado.",documented,fora_do_dominio,fora_do_dominio,fora_do_dominio,pendente_sem_inferencia,fora_do_dominio,fora_do_dominio,fora_do_dominio,fora_do_dominio,fora_do_dominio,fora_do_dominio
cemig-eo-r3-s19-v008,family-f02-19,CONECTOR,INS,E07,network_context,ainda_nao_suportado,pending,,"Forma E01: Haste com extremidade quadrangular aberta; X vermelho sem envolvente. Haste/terminação requer separar conector, aterramento e marcas de situação; positivo/negativo ainda não validado.",documented,fora_do_dominio,fora_do_dominio,fora_do_dominio,pendente_sem_inferencia,fora_do_dominio,fora_do_dominio,fora_do_dominio,fora_do_dominio,fora_do_dominio,fora_do_dominio
cemig-eo-r3-s19-v009,family-f02-19,CONECTOR,INS,E07,network_context,ainda_nao_suportado,pending,,"Forma E01: Triângulo ciano claro; símbolo base. Haste/terminação requer separar conector, aterramento e marcas de situação; positivo/negativo ainda não validado.",documented,fora_do_dominio,fora_do_dominio,fora_do_dominio,pendente_sem_inferencia,fora_do_dominio,fora_do_dominio,fora_do_dominio,fora_do_dominio,fora_do_dominio,fora_do_dominio
cemig-eo-r3-s19-v010,family-f02-19,CONECTOR,INS,E07,network_context,ainda_nao_suportado,pending,,"Forma E01: Triângulo ciano claro; círculo/oval envolvente. Haste/terminação requer separar conector, aterramento e marcas de situação; positivo/negativo ainda não validado.",documented,fora_do_dominio,fora_do_dominio,fora_do_dominio,pendente_sem_inferencia,fora_do_dominio,fora_do_dominio,fora_do_dominio,fora_do_dominio,fora_do_dominio,fora_do_dominio
cemig-eo-r3-s19-v011,family-f02-19,CONECTOR,INS,E07,network_context,ainda_nao_suportado,pending,,"Forma E01: Triângulo ciano claro; círculo/oval e X vermelho. Haste/terminação requer separar conector, aterramento e marcas de situação; positivo/negativo ainda não validado.",documented,fora_do_dominio,fora_do_dominio,fora_do_dominio,pendente_sem_inferencia,fora_do_dominio,fora_do_dominio,fora_do_dominio,fora_do_dominio,fora_do_dominio,fora_do_dominio
cemig-eo-r3-s19-v012,family-f02-19,CONECTOR,INS,E07,network_context,ainda_nao_suportado,pending,,"Forma E01: Triângulo ciano claro; X vermelho sem envolvente. Haste/terminação requer separar conector, aterramento e marcas de situação; positivo/negativo ainda não validado.",documented,fora_do_dominio,fora_do_dominio,fora_do_dominio,pendente_sem_inferencia,fora_do_dominio,fora_do_dominio,fora_do_dominio,fora_do_dominio,fora_do_dominio,fora_do_dominio
cemig-eo-r3-s19-v013,family-f02-19,CONECTOR,INS,E07,network_context,ainda_nao_suportado,pending,,"Forma E01: Elipse cinza preenchida; símbolo base. Haste/terminação requer separar conector, aterramento e marcas de situação; positivo/negativo ainda não validado.",documented,fora_do_dominio,fora_do_dominio,fora_do_dominio,pendente_sem_inferencia,fora_do_dominio,fora_do_dominio,fora_do_dominio,fora_do_dominio,fora_do_dominio,fora_do_dominio
cemig-eo-r3-s19-v014,family-f02-19,CONECTOR,INS,E07,network_context,ainda_nao_suportado,pending,,"Forma E01: Elipse cinza preenchida; círculo/oval envolvente. Haste/terminação requer separar conector, aterramento e marcas de situação; positivo/negativo ainda não validado.",documented,fora_do_dominio,fora_do_dominio,fora_do_dominio,pendente_sem_inferencia,fora_do_dominio,fora_do_dominio,fora_do_dominio,fora_do_dominio,fora_do_dominio,fora_do_dominio
cemig-eo-r3-s19-v015,family-f02-19,CONECTOR,INS,E07,network_context,ainda_nao_suportado,pending,,"Forma E01: Elipse cinza preenchida; círculo/oval e X vermelho. Haste/terminação requer separar conector, aterramento e marcas de situação; positivo/negativo ainda não validado.",documented,fora_do_dominio,fora_do_dominio,fora_do_dominio,pendente_sem_inferencia,fora_do_dominio,fora_do_dominio,fora_do_dominio,fora_do_dominio,fora_do_dominio,fora_do_dominio
cemig-eo-r3-s19-v016,family-f02-19,CONECTOR,INS,E07,network_context,ainda_nao_suportado,pending,,"Forma E01: Elipse cinza preenchida; X vermelho sem envolvente. Haste/terminação requer separar conector, aterramento e marcas de situação; positivo/negativo ainda não validado.",documented,fora_do_dominio,fora_do_dominio,fora_do_dominio,pendente_sem_inferencia,fora_do_dominio,fora_do_dominio,fora_do_dominio,fora_do_dominio,fora_do_dominio,fora_do_dominio
cemig-eo-r3-s19-v017,family-f02-19,CONECTOR,INS,E07,network_context,ainda_nao_suportado,pending,,"Forma E01: Losango com núcleo radial. Haste/terminação requer separar conector, aterramento e marcas de situação; positivo/negativo ainda não validado.",documented,fora_do_dominio,fora_do_dominio,fora_do_dominio,pendente_sem_inferencia,fora_do_dominio,fora_do_dominio,fora_do_dominio,fora_do_dominio,fora_do_dominio,fora_do_dominio
cemig-eo-r3-s20-v001,family-f02-20,EQUIPAMENTO_INTERRUPCAO,INS,E07,equipment_review,ainda_nao_suportado,pending,,Forma E01: Dois chevrons em linha. Mecanismo e estado de contato exigem topologia local; primitives próximas podem representar equipamentos distintos.,documented,fora_do_dominio,fora_do_dominio,fora_do_dominio,pendente_sem_inferencia,fora_do_dominio,fora_do_dominio,fora_do_dominio,fora_do_dominio,fora_do_dominio,fora_do_dominio
cemig-eo-r3-s20-v002,family-f02-20,EQUIPAMENTO_INTERRUPCAO,INS,E07,equipment_review,ainda_nao_suportado,pending,,Forma E01: Curva sinuosa entre terminais. Mecanismo e estado de contato exigem topologia local; primitives próximas podem representar equipamentos distintos.,documented,fora_do_dominio,fora_do_dominio,fora_do_dominio,pendente_sem_inferencia,fora_do_dominio,fora_do_dominio,fora_do_dominio,fora_do_dominio,fora_do_dominio,fora_do_dominio
cemig-eo-r3-s20-v003,family-f02-20,EQUIPAMENTO_INTERRUPCAO,INS,E07,equipment_review,ainda_nao_suportado,pending,,Forma E01: Retângulo com divisões laterais. Mecanismo e estado de contato exigem topologia local; primitives próximas podem representar equipamentos distintos.,documented,fora_do_dominio,fora_do_dominio,fora_do_dominio,pendente_sem_inferencia,fora_do_dominio,fora_do_dominio,fora_do_dominio,fora_do_dominio,fora_do_dominio,fora_do_dominio
cemig-eo-r3-s20-v004,family-f02-20,EQUIPAMENTO_INTERRUPCAO,INS,E07,equipment_review,ainda_nao_suportado,pending,,Forma E01: Círculo com contato vermelho. Mecanismo e estado de contato exigem topologia local; primitives próximas podem representar equipamentos distintos.,documented,fora_do_dominio,fora_do_dominio,fora_do_dominio,pendente_sem_inferencia,fora_do_dominio,fora_do_dominio,fora_do_dominio,fora_do_dominio,fora_do_dominio,fora_do_dominio
cemig-eo-r3-s20-v005,family-f02-20,EQUIPAMENTO_INTERRUPCAO,INS,E07,equipment_review,ainda_nao_suportado,pending,,Forma E01: Círculo com contato verde. Mecanismo e estado de contato exigem topologia local; primitives próximas podem representar equipamentos distintos.,documented,fora_do_dominio,fora_do_dominio,fora_do_dominio,pendente_sem_inferencia,fora_do_dominio,fora_do_dominio,fora_do_dominio,fora_do_dominio,fora_do_dominio,fora_do_dominio
cemig-eo-r3-s20-v006,family-f02-20,EQUIPAMENTO_INTERRUPCAO,INS,E07,equipment_review,ainda_nao_suportado,pending,,Forma E01: Quadrado com mecanismo vermelho. Mecanismo e estado de contato exigem topologia local; primitives próximas podem representar equipamentos distintos.,documented,fora_do_dominio,fora_do_dominio,fora_do_dominio,pendente_sem_inferencia,fora_do_dominio,fora_do_dominio,fora_do_dominio,fora_do_dominio,fora_do_dominio,fora_do_dominio
cemig-eo-r3-s20-v007,family-f02-20,EQUIPAMENTO_INTERRUPCAO,INS,E07,equipment_review,ainda_nao_suportado,pending,,Forma E01: Quadrado com mecanismo verde. Mecanismo e estado de contato exigem topologia local; primitives próximas podem representar equipamentos distintos.,documented,fora_do_dominio,fora_do_dominio,fora_do_dominio,pendente_sem_inferencia,fora_do_dominio,fora_do_dominio,fora_do_dominio,fora_do_dominio,fora_do_dominio,fora_do_dominio
cemig-eo-r3-s20-v008,family-f02-20,EQUIPAMENTO_INTERRUPCAO,INS,E07,equipment_review,ainda_nao_suportado,pending,,Forma E01: Duas barras transversais. Mecanismo e estado de contato exigem topologia local; primitives próximas podem representar equipamentos distintos.,documented,fora_do_dominio,fora_do_dominio,fora_do_dominio,pendente_sem_inferencia,fora_do_dominio,fora_do_dominio,fora_do_dominio,fora_do_dominio,fora_do_dominio,fora_do_dominio
cemig-eo-r3-s20-v009,family-f02-20,EQUIPAMENTO_INTERRUPCAO,INS,E07,equipment_review,ainda_nao_suportado,pending,,Forma E01: R em quadrado vermelho. Mecanismo e estado de contato exigem topologia local; primitives próximas podem representar equipamentos distintos.,documented,fora_do_dominio,fora_do_dominio,fora_do_dominio,pendente_sem_inferencia,fora_do_dominio,fora_do_dominio,fora_do_dominio,fora_do_dominio,fora_do_dominio,fora_do_dominio
cemig-eo-r3-s20-v010,family-f02-20,EQUIPAMENTO_INTERRUPCAO,INS,E07,equipment_review,ainda_nao_suportado,pending,,Forma E01: R em quadrado verde. Mecanismo e estado de contato exigem topologia local; primitives próximas podem representar equipamentos distintos.,documented,fora_do_dominio,fora_do_dominio,fora_do_dominio,pendente_sem_inferencia,fora_do_dominio,fora_do_dominio,fora_do_dominio,fora_do_dominio,fora_do_dominio,fora_do_dominio
cemig-eo-r3-s20-v011,family-f02-20,EQUIPAMENTO_INTERRUPCAO,INS,E07,equipment_review,ainda_nao_suportado,pending,,Forma E01: S em quadrado vermelho. Mecanismo e estado de contato exigem topologia local; primitives próximas podem representar equipamentos distintos.,documented,fora_do_dominio,fora_do_dominio,fora_do_dominio,pendente_sem_inferencia,fora_do_dominio,fora_do_dominio,fora_do_dominio,fora_do_dominio,fora_do_dominio,fora_do_dominio
cemig-eo-r3-s20-v012,family-f02-20,EQUIPAMENTO_INTERRUPCAO,INS,E07,equipment_review,ainda_nao_suportado,pending,,Forma E01: S em quadrado verde. Mecanismo e estado de contato exigem topologia local; primitives próximas podem representar equipamentos distintos.,documented,fora_do_dominio,fora_do_dominio,fora_do_dominio,pendente_sem_inferencia,fora_do_dominio,fora_do_dominio,fora_do_dominio,fora_do_dominio,fora_do_dominio,fora_do_dominio
cemig-eo-r3-s20-v013,family-f02-20,EQUIPAMENTO_INTERRUPCAO,INS,E07,equipment_review,ainda_nao_suportado,pending,,Forma E01: G em quadrado vermelho. Mecanismo e estado de contato exigem topologia local; primitives próximas podem representar equipamentos distintos.,documented,fora_do_dominio,fora_do_dominio,fora_do_dominio,pendente_sem_inferencia,fora_do_dominio,fora_do_dominio,fora_do_dominio,fora_do_dominio,fora_do_dominio,fora_do_dominio
cemig-eo-r3-s20-v014,family-f02-20,EQUIPAMENTO_INTERRUPCAO,INS,E07,equipment_review,ainda_nao_suportado,pending,,Forma E01: G em quadrado verde. Mecanismo e estado de contato exigem topologia local; primitives próximas podem representar equipamentos distintos.,documented,fora_do_dominio,fora_do_dominio,fora_do_dominio,pendente_sem_inferencia,fora_do_dominio,fora_do_dominio,fora_do_dominio,fora_do_dominio,fora_do_dominio,fora_do_dominio
cemig-eo-r3-s20-v015,family-f02-20,EQUIPAMENTO_INTERRUPCAO,INS,E07,equipment_review,ainda_nao_suportado,pending,,Forma E01: C em quadrado vermelho. Mecanismo e estado de contato exigem topologia local; primitives próximas podem representar equipamentos distintos.,documented,fora_do_dominio,fora_do_dominio,fora_do_dominio,pendente_sem_inferencia,fora_do_dominio,fora_do_dominio,fora_do_dominio,fora_do_dominio,fora_do_dominio,fora_do_dominio
cemig-eo-r3-s20-v016,family-f02-20,EQUIPAMENTO_INTERRUPCAO,INS,E07,equipment_review,ainda_nao_suportado,pending,,Forma E01: C em quadrado verde. Mecanismo e estado de contato exigem topologia local; primitives próximas podem representar equipamentos distintos.,documented,fora_do_dominio,fora_do_dominio,fora_do_dominio,pendente_sem_inferencia,fora_do_dominio,fora_do_dominio,fora_do_dominio,fora_do_dominio,fora_do_dominio,fora_do_dominio
cemig-eo-r3-s20-v017,family-f02-20,EQUIPAMENTO_INTERRUPCAO,INS,E07,equipment_review,ainda_nao_suportado,pending,,Forma E01: curva fusível em círculo vermelho. Mecanismo e estado de contato exigem topologia local; primitives próximas podem representar equipamentos distintos.,documented,fora_do_dominio,fora_do_dominio,fora_do_dominio,pendente_sem_inferencia,fora_do_dominio,fora_do_dominio,fora_do_dominio,fora_do_dominio,fora_do_dominio,fora_do_dominio
cemig-eo-r3-s20-v018,family-f02-20,EQUIPAMENTO_INTERRUPCAO,INS,E07,equipment_review,ainda_nao_suportado,pending,,Forma E01: curva fusível em círculo verde. Mecanismo e estado de contato exigem topologia local; primitives próximas podem representar equipamentos distintos.,documented,fora_do_dominio,fora_do_dominio,fora_do_dominio,pendente_sem_inferencia,fora_do_dominio,fora_do_dominio,fora_do_dominio,fora_do_dominio,fora_do_dominio,fora_do_dominio
cemig-eo-r3-s20-v019,family-f02-20,EQUIPAMENTO_INTERRUPCAO,INS,E07,equipment_review,ainda_nao_suportado,pending,,Forma E01: caixa dupla em círculo vermelho. Mecanismo e estado de contato exigem topologia local; primitives próximas podem representar equipamentos distintos.,documented,fora_do_dominio,fora_do_dominio,fora_do_dominio,pendente_sem_inferencia,fora_do_dominio,fora_do_dominio,fora_do_dominio,fora_do_dominio,fora_do_dominio,fora_do_dominio
cemig-eo-r3-s20-v020,family-f02-20,EQUIPAMENTO_INTERRUPCAO,INS,E07,equipment_review,ainda_nao_suportado,pending,,Forma E01: caixa dupla em círculo verde. Mecanismo e estado de contato exigem topologia local; primitives próximas podem representar equipamentos distintos.,documented,fora_do_dominio,fora_do_dominio,fora_do_dominio,pendente_sem_inferencia,fora_do_dominio,fora_do_dominio,fora_do_dominio,fora_do_dominio,fora_do_dominio,fora_do_dominio
cemig-eo-r3-s20-v021,family-f02-20,EQUIPAMENTO_INTERRUPCAO,INS,E07,equipment_review,ainda_nao_suportado,pending,,Forma E01: Arco sobre três pontos. Mecanismo e estado de contato exigem topologia local; primitives próximas podem representar equipamentos distintos.,documented,fora_do_dominio,fora_do_dominio,fora_do_dominio,pendente_sem_inferencia,fora_do_dominio,fora_do_dominio,fora_do_dominio,fora_do_dominio,fora_do_dominio,fora_do_dominio
cemig-eo-r3-s20-v022,family-f02-20,EQUIPAMENTO_INTERRUPCAO,INS,E07,equipment_review,ainda_nao_suportado,pending,,Forma E01: Arco sobre dois pontos. Mecanismo e estado de contato exigem topologia local; primitives próximas podem representar equipamentos distintos.,documented,fora_do_dominio,fora_do_dominio,fora_do_dominio,pendente_sem_inferencia,fora_do_dominio,fora_do_dominio,fora_do_dominio,fora_do_dominio,fora_do_dominio,fora_do_dominio
cemig-eo-r3-s20-v023,family-f02-20,EQUIPAMENTO_INTERRUPCAO,INS,E07,equipment_review,ainda_nao_suportado,pending,,Forma E01: D em quadrado vermelho. Mecanismo e estado de contato exigem topologia local; primitives próximas podem representar equipamentos distintos.,documented,fora_do_dominio,fora_do_dominio,fora_do_dominio,pendente_sem_inferencia,fora_do_dominio,fora_do_dominio,fora_do_dominio,fora_do_dominio,fora_do_dominio,fora_do_dominio
cemig-eo-r3-s20-v024,family-f02-20,EQUIPAMENTO_INTERRUPCAO,INS,E07,equipment_review,ainda_nao_suportado,pending,,Forma E01: D em quadrado verde. Mecanismo e estado de contato exigem topologia local; primitives próximas podem representar equipamentos distintos.,documented,fora_do_dominio,fora_do_dominio,fora_do_dominio,pendente_sem_inferencia,fora_do_dominio,fora_do_dominio,fora_do_dominio,fora_do_dominio,fora_do_dominio,fora_do_dominio
cemig-eo-r3-s20-v025,family-f02-20,EQUIPAMENTO_INTERRUPCAO,INS,E07,equipment_review,ainda_nao_suportado,pending,,Forma E01: Contato em círculo vermelho. Mecanismo e estado de contato exigem topologia local; primitives próximas podem representar equipamentos distintos.,documented,fora_do_dominio,fora_do_dominio,fora_do_dominio,pendente_sem_inferencia,fora_do_dominio,fora_do_dominio,fora_do_dominio,fora_do_dominio,fora_do_dominio,fora_do_dominio
cemig-eo-r3-s20-v026,family-f02-20,EQUIPAMENTO_INTERRUPCAO,INS,E07,equipment_review,ainda_nao_suportado,pending,,Forma E01: Contato em círculo verde. Mecanismo e estado de contato exigem topologia local; primitives próximas podem representar equipamentos distintos.,documented,fora_do_dominio,fora_do_dominio,fora_do_dominio,pendente_sem_inferencia,fora_do_dominio,fora_do_dominio,fora_do_dominio,fora_do_dominio,fora_do_dominio,fora_do_dominio
cemig-eo-r3-s20-v027,family-f02-20,EQUIPAMENTO_INTERRUPCAO,INS,E07,equipment_review,ainda_nao_suportado,pending,,Forma E01: GLV em retângulo. Mecanismo e estado de contato exigem topologia local; primitives próximas podem representar equipamentos distintos.,documented,fora_do_dominio,fora_do_dominio,fora_do_dominio,pendente_sem_inferencia,fora_do_dominio,fora_do_dominio,fora_do_dominio,fora_do_dominio,fora_do_dominio,fora_do_dominio
cemig-eo-r3-s20-v028,family-f02-20,CONJUNTO_EO,INS,E07,composite_review,ainda_nao_suportado,pending,,Forma E01: Contato em círculo vermelho. Mecanismo e estado de contato exigem topologia local; primitives próximas podem representar equipamentos distintos.,documented,fora_do_dominio,fora_do_dominio,fora_do_dominio,pendente_sem_inferencia,fora_do_dominio,fora_do_dominio,fora_do_dominio,fora_do_dominio,fora_do_dominio,fora_do_dominio
cemig-eo-r3-s20-v029,family-f02-20,CONJUNTO_EO,INS,E07,composite_review,ainda_nao_suportado,pending,,Forma E01: Contato em círculo verde. Mecanismo e estado de contato exigem topologia local; primitives próximas podem representar equipamentos distintos.,documented,fora_do_dominio,fora_do_dominio,fora_do_dominio,pendente_sem_inferencia,fora_do_dominio,fora_do_dominio,fora_do_dominio,fora_do_dominio,fora_do_dominio,fora_do_dominio
cemig-eo-r3-s20-v030,family-f02-20,CONJUNTO_EO,INS,E07,composite_review,ainda_nao_suportado,pending,,Forma E01: Retângulo simples vermelho. Mecanismo e estado de contato exigem topologia local; primitives próximas podem representar equipamentos distintos.,documented,fora_do_dominio,fora_do_dominio,fora_do_dominio,pendente_sem_inferencia,fora_do_dominio,fora_do_dominio,fora_do_dominio,fora_do_dominio,fora_do_dominio,fora_do_dominio
cemig-eo-r3-s20-v031,family-f02-20,CONJUNTO_EO,INS,E07,composite_review,ainda_nao_suportado,pending,,Forma E01: Retângulo simples verde. Mecanismo e estado de contato exigem topologia local; primitives próximas podem representar equipamentos distintos.,documented,fora_do_dominio,fora_do_dominio,fora_do_dominio,pendente_sem_inferencia,fora_do_dominio,fora_do_dominio,fora_do_dominio,fora_do_dominio,fora_do_dominio,fora_do_dominio
cemig-eo-r3-s20-v032,family-f02-20,CONJUNTO_EO,INS,E07,composite_review,ainda_nao_suportado,pending,,Forma E01: Contato circular ligado a terra vermelho. Mecanismo e estado de contato exigem topologia local; primitives próximas podem representar equipamentos distintos.,documented,fora_do_dominio,fora_do_dominio,fora_do_dominio,pendente_sem_inferencia,fora_do_dominio,fora_do_dominio,fora_do_dominio,fora_do_dominio,fora_do_dominio,fora_do_dominio
cemig-eo-r3-s20-v033,family-f02-20,CONJUNTO_EO,INS,E07,composite_review,ainda_nao_suportado,pending,,Forma E01: Contato circular ligado a terra verde. Mecanismo e estado de contato exigem topologia local; primitives próximas podem representar equipamentos distintos.,documented,fora_do_dominio,fora_do_dominio,fora_do_dominio,pendente_sem_inferencia,fora_do_dominio,fora_do_dominio,fora_do_dominio,fora_do_dominio,fora_do_dominio,fora_do_dominio
cemig-eo-r3-s20-v034,family-f02-20,CONJUNTO_EO,INS,E07,composite_review,ainda_nao_suportado,pending,,Forma E01: D em quadrado vermelho. Mecanismo e estado de contato exigem topologia local; primitives próximas podem representar equipamentos distintos.,documented,fora_do_dominio,fora_do_dominio,fora_do_dominio,pendente_sem_inferencia,fora_do_dominio,fora_do_dominio,fora_do_dominio,fora_do_dominio,fora_do_dominio,fora_do_dominio
cemig-eo-r3-s20-v035,family-f02-20,CONJUNTO_EO,INS,E07,composite_review,ainda_nao_suportado,pending,,Forma E01: D em quadrado verde. Mecanismo e estado de contato exigem topologia local; primitives próximas podem representar equipamentos distintos.,documented,fora_do_dominio,fora_do_dominio,fora_do_dominio,pendente_sem_inferencia,fora_do_dominio,fora_do_dominio,fora_do_dominio,fora_do_dominio,fora_do_dominio,fora_do_dominio
cemig-eo-r3-s20-v036,family-f02-20,CONJUNTO_EO,INS,E07,composite_review,ainda_nao_suportado,pending,,Forma E01: Contato em círculo vermelho. Mecanismo e estado de contato exigem topologia local; primitives próximas podem representar equipamentos distintos.,documented,fora_do_dominio,fora_do_dominio,fora_do_dominio,pendente_sem_inferencia,fora_do_dominio,fora_do_dominio,fora_do_dominio,fora_do_dominio,fora_do_dominio,fora_do_dominio
cemig-eo-r3-s20-v037,family-f02-20,CONJUNTO_EO,INS,E07,composite_review,ainda_nao_suportado,pending,,Forma E01: Contato em círculo verde. Mecanismo e estado de contato exigem topologia local; primitives próximas podem representar equipamentos distintos.,documented,fora_do_dominio,fora_do_dominio,fora_do_dominio,pendente_sem_inferencia,fora_do_dominio,fora_do_dominio,fora_do_dominio,fora_do_dominio,fora_do_dominio,fora_do_dominio
cemig-eo-r3-s20-v038,family-f02-20,CONJUNTO_EO,INS,E07,composite_review,ainda_nao_suportado,pending,,Forma E01: Fusível em círculo vermelho. Mecanismo e estado de contato exigem topologia local; primitives próximas podem representar equipamentos distintos.,documented,fora_do_dominio,fora_do_dominio,fora_do_dominio,pendente_sem_inferencia,fora_do_dominio,fora_do_dominio,fora_do_dominio,fora_do_dominio,fora_do_dominio,fora_do_dominio
cemig-eo-r3-s20-v039,family-f02-20,CONJUNTO_EO,INS,E07,composite_review,ainda_nao_suportado,pending,,Forma E01: Fusível em círculo verde. Mecanismo e estado de contato exigem topologia local; primitives próximas podem representar equipamentos distintos.,documented,fora_do_dominio,fora_do_dominio,fora_do_dominio,pendente_sem_inferencia,fora_do_dominio,fora_do_dominio,fora_do_dominio,fora_do_dominio,fora_do_dominio,fora_do_dominio
cemig-eo-r3-s20-v040,family-f02-20,CONJUNTO_EO,INS,E07,composite_review,ainda_nao_suportado,pending,,Forma E01: Dois chevrons. Mecanismo e estado de contato exigem topologia local; primitives próximas podem representar equipamentos distintos.,documented,fora_do_dominio,fora_do_dominio,fora_do_dominio,pendente_sem_inferencia,fora_do_dominio,fora_do_dominio,fora_do_dominio,fora_do_dominio,fora_do_dominio,fora_do_dominio
cemig-eo-r3-s21-v001,family-f02-21,PARA_RAIOS_BT,INS,E04,equipment_review,nao_avaliavel,nao_aplicavel,,"E04 mede classe visual, sem referência/saída por ID E01",documented,classe_sem_id,fora_do_dominio,fora_do_dominio,fora_do_dominio,classe_sem_id,indisponivel,fora_do_dominio,fora_do_dominio,fora_do_dominio,experimental_rejeitado
cemig-eo-r3-s21-v002,family-f02-21,PARA_RAIOS_BT,INS,E04,equipment_review,nao_avaliavel,nao_aplicavel,,"E04 mede classe visual, sem referência/saída por ID E01",documented,classe_sem_id,fora_do_dominio,fora_do_dominio,fora_do_dominio,classe_sem_id,indisponivel,fora_do_dominio,fora_do_dominio,fora_do_dominio,experimental_rejeitado
cemig-eo-r3-s21-v003,family-f02-21,PARA_RAIOS_BT,INS,E04,equipment_review,nao_avaliavel,nao_aplicavel,,"E04 mede classe visual, sem referência/saída por ID E01",documented,classe_sem_id,fora_do_dominio,fora_do_dominio,fora_do_dominio,classe_sem_id,indisponivel,fora_do_dominio,fora_do_dominio,fora_do_dominio,experimental_rejeitado
cemig-eo-r3-s21-v004,family-f02-21,PARA_RAIOS_BT,INS,E04,equipment_review,nao_avaliavel,nao_aplicavel,,"E04 mede classe visual, sem referência/saída por ID E01",documented,classe_sem_id,fora_do_dominio,fora_do_dominio,fora_do_dominio,classe_sem_id,indisponivel,fora_do_dominio,fora_do_dominio,fora_do_dominio,experimental_rejeitado
cemig-eo-r3-s21-v005,family-f02-21,PARA_RAIOS_MT,INS,E04,equipment_review,nao_avaliavel,nao_aplicavel,,"E04 mede classe visual, sem referência/saída por ID E01",documented,classe_sem_id,fora_do_dominio,fora_do_dominio,fora_do_dominio,classe_sem_id,indisponivel,experimental_rejeitado,experimental_rejeitado,fora_do_dominio,experimental_rejeitado
cemig-eo-r3-s21-v006,family-f02-21,PARA_RAIOS_MT,INS,E04,equipment_review,nao_avaliavel,nao_aplicavel,,"E04 mede classe visual, sem referência/saída por ID E01",documented,classe_sem_id,fora_do_dominio,fora_do_dominio,fora_do_dominio,classe_sem_id,indisponivel,experimental_rejeitado,experimental_rejeitado,fora_do_dominio,experimental_rejeitado
cemig-eo-r3-s21-v007,family-f02-21,PARA_RAIOS_MT,INS,E04,equipment_review,nao_avaliavel,nao_aplicavel,,"E04 mede classe visual, sem referência/saída por ID E01",documented,classe_sem_id,fora_do_dominio,fora_do_dominio,fora_do_dominio,classe_sem_id,indisponivel,experimental_rejeitado,experimental_rejeitado,fora_do_dominio,experimental_rejeitado
cemig-eo-r3-s21-v008,family-f02-21,PARA_RAIOS_MT,INS,E04,equipment_review,nao_avaliavel,nao_aplicavel,,"E04 mede classe visual, sem referência/saída por ID E01",documented,classe_sem_id,fora_do_dominio,fora_do_dominio,fora_do_dominio,classe_sem_id,indisponivel,experimental_rejeitado,experimental_rejeitado,fora_do_dominio,experimental_rejeitado
cemig-eo-r3-s21-v009,family-f02-21,EQUIPAMENTO_PROTECAO,INS,E07,equipment_review,ainda_nao_suportado,pending,,Forma E01: Triângulo preto em retângulo ligado a aterramento. Símbolo de proteção requer componente de aterramento/IF e estado; círculo ou triângulo isolado não basta.,documented,fora_do_dominio,fora_do_dominio,fora_do_dominio,pendente_sem_inferencia,fora_do_dominio,fora_do_dominio,fora_do_dominio,fora_do_dominio,fora_do_dominio,fora_do_dominio
cemig-eo-r3-s21-v010,family-f02-21,EQUIPAMENTO_PROTECAO,INS,E07,equipment_review,ainda_nao_suportado,pending,,Forma E01: IF em círculo amarelo; símbolo base. Símbolo de proteção requer componente de aterramento/IF e estado; círculo ou triângulo isolado não basta.,documented,fora_do_dominio,fora_do_dominio,fora_do_dominio,pendente_sem_inferencia,fora_do_dominio,fora_do_dominio,fora_do_dominio,fora_do_dominio,fora_do_dominio,fora_do_dominio
cemig-eo-r3-s21-v011,family-f02-21,EQUIPAMENTO_PROTECAO,INS,E07,equipment_review,ainda_nao_suportado,pending,,Forma E01: IF em círculo amarelo; círculo/oval envolvente. Símbolo de proteção requer componente de aterramento/IF e estado; círculo ou triângulo isolado não basta.,documented,fora_do_dominio,fora_do_dominio,fora_do_dominio,pendente_sem_inferencia,fora_do_dominio,fora_do_dominio,fora_do_dominio,fora_do_dominio,fora_do_dominio,fora_do_dominio
cemig-eo-r3-s21-v012,family-f02-21,EQUIPAMENTO_PROTECAO,INS,E07,equipment_review,ainda_nao_suportado,pending,,Forma E01: IF em círculo amarelo; círculo/oval e X vermelho. Símbolo de proteção requer componente de aterramento/IF e estado; círculo ou triângulo isolado não basta.,documented,fora_do_dominio,fora_do_dominio,fora_do_dominio,pendente_sem_inferencia,fora_do_dominio,fora_do_dominio,fora_do_dominio,fora_do_dominio,fora_do_dominio,fora_do_dominio
cemig-eo-r3-s21-v013,family-f02-21,EQUIPAMENTO_PROTECAO,INS,E07,equipment_review,ainda_nao_suportado,pending,,Forma E01: IF em círculo amarelo; X vermelho sem envolvente. Símbolo de proteção requer componente de aterramento/IF e estado; círculo ou triângulo isolado não basta.,documented,fora_do_dominio,fora_do_dominio,fora_do_dominio,pendente_sem_inferencia,fora_do_dominio,fora_do_dominio,fora_do_dominio,fora_do_dominio,fora_do_dominio,fora_do_dominio
cemig-eo-r3-s21-v014,family-f02-21,EQUIPAMENTO_PROTECAO,INS,E07,equipment_review,ainda_nao_suportado,pending,,Forma E01: Zigue-zague. Símbolo de proteção requer componente de aterramento/IF e estado; círculo ou triângulo isolado não basta.,documented,fora_do_dominio,fora_do_dominio,fora_do_dominio,pendente_sem_inferencia,fora_do_dominio,fora_do_dominio,fora_do_dominio,fora_do_dominio,fora_do_dominio,fora_do_dominio
cemig-eo-r3-s21-v015,family-f02-21,EQUIPAMENTO_PROTECAO,INS,E07,equipment_review,ainda_nao_suportado,pending,,Forma E01: Dois triângulos opostos em eixo. Símbolo de proteção requer componente de aterramento/IF e estado; círculo ou triângulo isolado não basta.,documented,fora_do_dominio,fora_do_dominio,fora_do_dominio,pendente_sem_inferencia,fora_do_dominio,fora_do_dominio,fora_do_dominio,fora_do_dominio,fora_do_dominio,fora_do_dominio
cemig-eo-r3-s22-v001,family-f02-22,EQUIPAMENTO_REGULACAO,INS,E07,equipment_review,ainda_nao_suportado,pending,,Forma E01: Placa reta e arco ligados a haste; símbolo base. Placa/arco ou enrolamento precisam de relação geométrica e separação das marcas de proposta/retirada.,documented,fora_do_dominio,fora_do_dominio,fora_do_dominio,pendente_sem_inferencia,fora_do_dominio,fora_do_dominio,fora_do_dominio,fora_do_dominio,fora_do_dominio,fora_do_dominio
cemig-eo-r3-s22-v002,family-f02-22,EQUIPAMENTO_REGULACAO,INS,E07,equipment_review,ainda_nao_suportado,pending,,Forma E01: Placa reta e arco ligados a haste; círculo/oval envolvente. Placa/arco ou enrolamento precisam de relação geométrica e separação das marcas de proposta/retirada.,documented,fora_do_dominio,fora_do_dominio,fora_do_dominio,pendente_sem_inferencia,fora_do_dominio,fora_do_dominio,fora_do_dominio,fora_do_dominio,fora_do_dominio,fora_do_dominio
cemig-eo-r3-s22-v003,family-f02-22,EQUIPAMENTO_REGULACAO,INS,E07,equipment_review,ainda_nao_suportado,pending,,Forma E01: Placa reta e arco ligados a haste; círculo/oval e X vermelho. Placa/arco ou enrolamento precisam de relação geométrica e separação das marcas de proposta/retirada.,documented,fora_do_dominio,fora_do_dominio,fora_do_dominio,pendente_sem_inferencia,fora_do_dominio,fora_do_dominio,fora_do_dominio,fora_do_dominio,fora_do_dominio,fora_do_dominio
cemig-eo-r3-s22-v004,family-f02-22,EQUIPAMENTO_REGULACAO,INS,E07,equipment_review,ainda_nao_suportado,pending,,Forma E01: Placa reta e arco ligados a haste; X vermelho sem envolvente. Placa/arco ou enrolamento precisam de relação geométrica e separação das marcas de proposta/retirada.,documented,fora_do_dominio,fora_do_dominio,fora_do_dominio,pendente_sem_inferencia,fora_do_dominio,fora_do_dominio,fora_do_dominio,fora_do_dominio,fora_do_dominio,fora_do_dominio
cemig-eo-r3-s22-v005,family-f02-22,EQUIPAMENTO_REGULACAO,INS,E07,equipment_review,ainda_nao_suportado,pending,,Forma E01: Enrolamento horizontal circular. Placa/arco ou enrolamento precisam de relação geométrica e separação das marcas de proposta/retirada.,documented,fora_do_dominio,fora_do_dominio,fora_do_dominio,pendente_sem_inferencia,fora_do_dominio,fora_do_dominio,fora_do_dominio,fora_do_dominio,fora_do_dominio,fora_do_dominio
cemig-eo-r3-s23-v001,family-f02-23,CONJUNTO_EO,AV,E07,composite_review,ainda_nao_suportado,pending,,Forma E01: Conjunto contornado/sombreado cinza com placas e arco. Conjunto sombreado agrega componentes; contorno/label isolados não resolve associação nem cardinalidade.,documented,fora_do_dominio,fora_do_dominio,fora_do_dominio,pendente_sem_inferencia,fora_do_dominio,fora_do_dominio,fora_do_dominio,fora_do_dominio,fora_do_dominio,fora_do_dominio
cemig-eo-r3-s23-v002,family-f02-23,CONJUNTO_EO,AV,E07,composite_review,reconhecido_exato,enabled,,E07 gramática e positivo autoral com ID exato; sem homologação real,synthetic_only,fora_do_dominio,fora_do_dominio,fora_do_dominio,id_exato_sintetico,fora_do_dominio,fora_do_dominio,fora_do_dominio,fora_do_dominio,fora_do_dominio,fora_do_dominio
cemig-eo-r3-s23-v003,family-f02-23,CONJUNTO_EO,AV,E07,composite_review,ainda_nao_suportado,pending,,Forma E01: Conjunto contornado/sombreado cinza com círculo e seta. Conjunto sombreado agrega componentes; contorno/label isolados não resolve associação nem cardinalidade.,documented,fora_do_dominio,fora_do_dominio,fora_do_dominio,pendente_sem_inferencia,fora_do_dominio,fora_do_dominio,fora_do_dominio,fora_do_dominio,fora_do_dominio,fora_do_dominio
cemig-eo-r3-s23-v004,family-f02-23,CONJUNTO_EO,AV,E07,composite_review,ainda_nao_suportado,pending,,Forma E01: Conjunto contornado/sombreado cinza com R. Conjunto sombreado agrega componentes; contorno/label isolados não resolve associação nem cardinalidade.,documented,fora_do_dominio,fora_do_dominio,fora_do_dominio,pendente_sem_inferencia,fora_do_dominio,fora_do_dominio,fora_do_dominio,fora_do_dominio,fora_do_dominio,fora_do_dominio
cemig-eo-r3-s23-v005,family-f02-23,CONJUNTO_EO,AV,E07,composite_review,reconhecido_exato,enabled,,E07 gramática e positivo autoral com ID exato; sem homologação real,synthetic_only,fora_do_dominio,fora_do_dominio,fora_do_dominio,id_exato_sintetico,fora_do_dominio,fora_do_dominio,fora_do_dominio,fora_do_dominio,fora_do_dominio,fora_do_dominio
cemig-eo-r3-s23-v006,family-f02-23,CONJUNTO_EO,AV,E07,composite_review,ainda_nao_suportado,pending,,Forma E01: Conjunto contornado/sombreado cinza com S. Conjunto sombreado agrega componentes; contorno/label isolados não resolve associação nem cardinalidade.,documented,fora_do_dominio,fora_do_dominio,fora_do_dominio,pendente_sem_inferencia,fora_do_dominio,fora_do_dominio,fora_do_dominio,fora_do_dominio,fora_do_dominio,fora_do_dominio
cemig-eo-r3-s23-v007,family-f02-23,CONJUNTO_EO,AV,E07,composite_review,ainda_nao_suportado,pending,,Forma E01: Conjunto contornado/sombreado cinza com chevrons. Conjunto sombreado agrega componentes; contorno/label isolados não resolve associação nem cardinalidade.,documented,fora_do_dominio,fora_do_dominio,fora_do_dominio,pendente_sem_inferencia,fora_do_dominio,fora_do_dominio,fora_do_dominio,fora_do_dominio,fora_do_dominio,fora_do_dominio
cemig-eo-r3-s23-v008,family-f02-23,CONJUNTO_EO,AV,E07,composite_review,ainda_nao_suportado,pending,,Forma E01: Conjunto contornado/sombreado cinza com D. Conjunto sombreado agrega componentes; contorno/label isolados não resolve associação nem cardinalidade.,documented,fora_do_dominio,fora_do_dominio,fora_do_dominio,pendente_sem_inferencia,fora_do_dominio,fora_do_dominio,fora_do_dominio,fora_do_dominio,fora_do_dominio,fora_do_dominio
cemig-eo-r3-s23-v009,family-f02-23,CONJUNTO_EO,AV,E07,composite_review,ainda_nao_suportado,pending,,Forma E01: Conjunto contornado/sombreado cinza com G. Conjunto sombreado agrega componentes; contorno/label isolados não resolve associação nem cardinalidade.,documented,fora_do_dominio,fora_do_dominio,fora_do_dominio,pendente_sem_inferencia,fora_do_dominio,fora_do_dominio,fora_do_dominio,fora_do_dominio,fora_do_dominio,fora_do_dominio
cemig-eo-r3-s23-v010,family-f02-23,CONJUNTO_EO,AV,E07,composite_review,ainda_nao_suportado,pending,,Forma E01: Conjunto contornado/sombreado cinza com C. Conjunto sombreado agrega componentes; contorno/label isolados não resolve associação nem cardinalidade.,documented,fora_do_dominio,fora_do_dominio,fora_do_dominio,pendente_sem_inferencia,fora_do_dominio,fora_do_dominio,fora_do_dominio,fora_do_dominio,fora_do_dominio,fora_do_dominio
cemig-eo-r3-s23-v011,family-f02-23,CONJUNTO_EO,AV,E07,composite_review,reconhecido_exato,enabled,,E07 gramática e positivo autoral com ID exato; sem homologação real,synthetic_only,fora_do_dominio,fora_do_dominio,fora_do_dominio,id_exato_sintetico,fora_do_dominio,fora_do_dominio,fora_do_dominio,fora_do_dominio,fora_do_dominio,fora_do_dominio
cemig-eo-r3-s23-v012,family-f02-23,CONJUNTO_EO,AV,E07,composite_review,reconhecido_exato,enabled,,E07 gramática e positivo autoral com ID exato; sem homologação real,synthetic_only,fora_do_dominio,fora_do_dominio,fora_do_dominio,id_exato_sintetico,fora_do_dominio,fora_do_dominio,fora_do_dominio,fora_do_dominio,fora_do_dominio,fora_do_dominio
cemig-eo-r3-s23-v013,family-f02-23,CONJUNTO_EO,AV,E07,composite_review,ainda_nao_suportado,pending,,Forma E01: Conjunto contornado/sombreado cinza com dois círculos e triângulo. Conjunto sombreado agrega componentes; contorno/label isolados não resolve associação nem cardinalidade.,documented,fora_do_dominio,fora_do_dominio,fora_do_dominio,pendente_sem_inferencia,fora_do_dominio,fora_do_dominio,fora_do_dominio,fora_do_dominio,fora_do_dominio,fora_do_dominio
cemig-eo-r3-s23-v014,family-f02-23,CONJUNTO_EO,AV,E07,composite_review,ainda_nao_suportado,pending,,Forma E01: Conjunto contornado/sombreado cinza com CM. Conjunto sombreado agrega componentes; contorno/label isolados não resolve associação nem cardinalidade.,documented,fora_do_dominio,fora_do_dominio,fora_do_dominio,pendente_sem_inferencia,fora_do_dominio,fora_do_dominio,fora_do_dominio,fora_do_dominio,fora_do_dominio,fora_do_dominio
cemig-eo-r3-s23-v015,family-f02-23,CONJUNTO_EO,AV,E07,composite_review,ainda_nao_suportado,pending,,Forma E01: Conjunto contornado/sombreado cinza com triângulo. Conjunto sombreado agrega componentes; contorno/label isolados não resolve associação nem cardinalidade.,documented,fora_do_dominio,fora_do_dominio,fora_do_dominio,pendente_sem_inferencia,fora_do_dominio,fora_do_dominio,fora_do_dominio,fora_do_dominio,fora_do_dominio,fora_do_dominio
cemig-eo-r3-s23-v016,family-f02-23,CONJUNTO_EO,AV,E07,composite_review,ainda_nao_suportado,pending,,Forma E01: Conjunto contornado/sombreado cinza com R e triângulo. Conjunto sombreado agrega componentes; contorno/label isolados não resolve associação nem cardinalidade.,documented,fora_do_dominio,fora_do_dominio,fora_do_dominio,pendente_sem_inferencia,fora_do_dominio,fora_do_dominio,fora_do_dominio,fora_do_dominio,fora_do_dominio,fora_do_dominio
cemig-eo-r3-s24-v001,family-f02-24,TRANSFORMADOR,INS,E05,equipment_review,reconhecido_exato,nao_aplicavel,cemig-eo-r3-s24-v001,E05 controle autoral pareado; referências possíveis na predição,synthetic_only,fora_do_dominio,id_exato_sintetico,fora_do_dominio,fora_do_dominio,classe_sem_id,indisponivel,fora_do_dominio,fora_do_dominio,fora_do_dominio,experimental_rejeitado
cemig-eo-r3-s24-v002,family-f02-24,TRANSFORMADOR,INS,E05,equipment_review,reconhecido_exato,nao_aplicavel,cemig-eo-r3-s24-v002,E05 controle autoral pareado; referências possíveis na predição,synthetic_only,fora_do_dominio,id_exato_sintetico,fora_do_dominio,fora_do_dominio,classe_sem_id,indisponivel,fora_do_dominio,fora_do_dominio,fora_do_dominio,experimental_rejeitado
cemig-eo-r3-s25-v001,family-f02-25,TRANSFORMADOR,INS,E05,equipment_review,reconhecido_exato,nao_aplicavel,cemig-eo-r3-s25-v001,E05 controle autoral pareado; referências possíveis na predição,synthetic_only,fora_do_dominio,id_exato_sintetico,fora_do_dominio,fora_do_dominio,classe_sem_id,indisponivel,fora_do_dominio,fora_do_dominio,fora_do_dominio,experimental_rejeitado
cemig-eo-r3-s25-v002,family-f02-25,TRANSFORMADOR,INS,E05,equipment_review,alternativa_sem_id_resolvido,nao_aplicavel,cemig-eo-r3-s25-v002;cemig-eo-r3-s25-v003,E05 controle autoral pareado; referências possíveis na predição,documented,fora_do_dominio,alternativa_sintetica,fora_do_dominio,fora_do_dominio,classe_sem_id,indisponivel,fora_do_dominio,fora_do_dominio,fora_do_dominio,experimental_rejeitado
cemig-eo-r3-s25-v003,family-f02-25,TRANSFORMADOR,INS,E05,equipment_review,reconhecido_exato,nao_aplicavel,cemig-eo-r3-s25-v003,E05 controle autoral pareado; referências possíveis na predição,synthetic_only,fora_do_dominio,id_exato_sintetico,fora_do_dominio,fora_do_dominio,classe_sem_id,indisponivel,fora_do_dominio,fora_do_dominio,fora_do_dominio,experimental_rejeitado
cemig-eo-r3-s25-v004,family-f02-25,CONJUNTO_EO,INS,E05,composite_review,reconhecido_exato,nao_aplicavel,cemig-eo-r3-s25-v004,E05 controle autoral pareado; referências possíveis na predição,synthetic_only,fora_do_dominio,id_exato_sintetico,fora_do_dominio,fora_do_dominio,fora_do_dominio,fora_do_dominio,fora_do_dominio,fora_do_dominio,fora_do_dominio,fora_do_dominio
cemig-eo-r3-s26-v001,family-f02-26,USINA,CNX,E07,network_context,ainda_nao_suportado,pending,,Forma E01: Círculo alaranjado com senoide. Senoide em círculo vista na F02 p31 carece de curva vetorial positiva e negativo independente para escala/rotação.,documented,fora_do_dominio,fora_do_dominio,fora_do_dominio,pendente_sem_inferencia,fora_do_dominio,fora_do_dominio,fora_do_dominio,fora_do_dominio,fora_do_dominio,fora_do_dominio
cemig-eo-r3-s27-v001,family-f02-27,ILUMINACAO_PUBLICA,CNX,E07,equipment_review,ainda_nao_suportado,pending,,Forma E01: Semidisco amarelo e raios. Pictograma urbano/luminária precisa de componentes internos distintivos; não converter carga externa em ativo.,documented,fora_do_dominio,fora_do_dominio,fora_do_dominio,pendente_sem_inferencia,fora_do_dominio,fora_do_dominio,fora_do_dominio,fora_do_dominio,fora_do_dominio,fora_do_dominio
cemig-eo-r3-s27-v002,family-f02-27,CARGA_EXTERNA,CNX,E07,network_context,ainda_nao_suportado,pending,,Forma E01: Placas pictóricas em quadro. Pictograma urbano/luminária precisa de componentes internos distintivos; não converter carga externa em ativo.,documented,fora_do_dominio,fora_do_dominio,fora_do_dominio,pendente_sem_inferencia,fora_do_dominio,fora_do_dominio,fora_do_dominio,fora_do_dominio,fora_do_dominio,fora_do_dominio
cemig-eo-r3-s27-v003,family-f02-27,CARGA_EXTERNA,CNX,E07,network_context,ainda_nao_suportado,pending,,Forma E01: Placa pictórica. Pictograma urbano/luminária precisa de componentes internos distintivos; não converter carga externa em ativo.,documented,fora_do_dominio,fora_do_dominio,fora_do_dominio,pendente_sem_inferencia,fora_do_dominio,fora_do_dominio,fora_do_dominio,fora_do_dominio,fora_do_dominio,fora_do_dominio
cemig-eo-r3-s27-v004,family-f02-27,CARGA_EXTERNA,CNX,E07,network_context,ainda_nao_suportado,pending,,Forma E01: Placa RADAR. Pictograma urbano/luminária precisa de componentes internos distintivos; não converter carga externa em ativo.,documented,fora_do_dominio,fora_do_dominio,fora_do_dominio,pendente_sem_inferencia,fora_do_dominio,fora_do_dominio,fora_do_dominio,fora_do_dominio,fora_do_dominio,fora_do_dominio
cemig-eo-r3-s27-v005,family-f02-27,CARGA_EXTERNA,CNX,E07,network_context,reconhecido_exato,enabled,,E07 gramática e positivo autoral com ID exato; sem homologação real,synthetic_only,fora_do_dominio,fora_do_dominio,fora_do_dominio,id_exato_sintetico,fora_do_dominio,fora_do_dominio,fora_do_dominio,fora_do_dominio,fora_do_dominio,fora_do_dominio
cemig-eo-r3-s27-v006,family-f02-27,CARGA_EXTERNA,CNX,E07,network_context,ainda_nao_suportado,pending,,Forma E01: Pictograma ônibus. Pictograma urbano/luminária precisa de componentes internos distintivos; não converter carga externa em ativo.,documented,fora_do_dominio,fora_do_dominio,fora_do_dominio,pendente_sem_inferencia,fora_do_dominio,fora_do_dominio,fora_do_dominio,fora_do_dominio,fora_do_dominio,fora_do_dominio
cemig-eo-r3-s27-v007,family-f02-27,CARGA_EXTERNA,CNX,E07,network_context,ainda_nao_suportado,pending,,Forma E01: Traço e três ramos. Pictograma urbano/luminária precisa de componentes internos distintivos; não converter carga externa em ativo.,documented,fora_do_dominio,fora_do_dominio,fora_do_dominio,pendente_sem_inferencia,fora_do_dominio,fora_do_dominio,fora_do_dominio,fora_do_dominio,fora_do_dominio,fora_do_dominio
cemig-eo-r3-s27-v008,family-f02-27,CARGA_EXTERNA,CNX,E07,network_context,ainda_nao_suportado,pending,,Forma E01: Quadro sobre apoio. Pictograma urbano/luminária precisa de componentes internos distintivos; não converter carga externa em ativo.,documented,fora_do_dominio,fora_do_dominio,fora_do_dominio,pendente_sem_inferencia,fora_do_dominio,fora_do_dominio,fora_do_dominio,fora_do_dominio,fora_do_dominio,fora_do_dominio
cemig-eo-r3-s27-v009,family-f02-27,CARGA_EXTERNA,CNX,E07,network_context,ainda_nao_suportado,pending,,Forma E01: Placa textual com seta. Pictograma urbano/luminária precisa de componentes internos distintivos; não converter carga externa em ativo.,documented,fora_do_dominio,fora_do_dominio,fora_do_dominio,pendente_sem_inferencia,fora_do_dominio,fora_do_dominio,fora_do_dominio,fora_do_dominio,fora_do_dominio,fora_do_dominio
cemig-eo-r3-s27-v010,family-f02-27,CARGA_EXTERNA,CNX,E07,network_context,ainda_nao_suportado,pending,,Forma E01: Retângulo textual. Pictograma urbano/luminária precisa de componentes internos distintivos; não converter carga externa em ativo.,documented,fora_do_dominio,fora_do_dominio,fora_do_dominio,pendente_sem_inferencia,fora_do_dominio,fora_do_dominio,fora_do_dominio,fora_do_dominio,fora_do_dominio,fora_do_dominio
cemig-eo-r3-s27-v011,family-f02-27,CARGA_EXTERNA,CNX,E07,network_context,ainda_nao_suportado,pending,,Forma E01: Retângulo com mostrador. Pictograma urbano/luminária precisa de componentes internos distintivos; não converter carga externa em ativo.,documented,fora_do_dominio,fora_do_dominio,fora_do_dominio,pendente_sem_inferencia,fora_do_dominio,fora_do_dominio,fora_do_dominio,fora_do_dominio,fora_do_dominio,fora_do_dominio
cemig-eo-r3-s27-v012,family-f02-27,CARGA_EXTERNA,CNX,E07,network_context,ainda_nao_suportado,pending,,Forma E01: Círculo com três pás e raios. Pictograma urbano/luminária precisa de componentes internos distintivos; não converter carga externa em ativo.,documented,fora_do_dominio,fora_do_dominio,fora_do_dominio,pendente_sem_inferencia,fora_do_dominio,fora_do_dominio,fora_do_dominio,fora_do_dominio,fora_do_dominio,fora_do_dominio
cemig-eo-r3-s27-v013,family-f02-27,CARGA_EXTERNA,CNX,E07,network_context,ainda_nao_suportado,pending,,Forma E01: Círculo com três pás. Pictograma urbano/luminária precisa de componentes internos distintivos; não converter carga externa em ativo.,documented,fora_do_dominio,fora_do_dominio,fora_do_dominio,pendente_sem_inferencia,fora_do_dominio,fora_do_dominio,fora_do_dominio,fora_do_dominio,fora_do_dominio,fora_do_dominio
cemig-eo-r3-s28-v001,family-f02-28,PONTO_CONEXAO,CNX,E07,network_context,ainda_nao_suportado,pending,,Forma E01: Disco roxo. Disco colorido isolado não distingue ponto de conexão de anotação ou estado sem contexto.,documented,fora_do_dominio,fora_do_dominio,fora_do_dominio,pendente_sem_inferencia,fora_do_dominio,fora_do_dominio,fora_do_dominio,fora_do_dominio,fora_do_dominio,fora_do_dominio
cemig-eo-r3-s28-v002,family-f02-28,PONTO_CONEXAO,CNX,E07,network_context,reconhecido_exato,enabled,,E07 gramática e positivo autoral com ID exato; sem homologação real,synthetic_only,fora_do_dominio,fora_do_dominio,fora_do_dominio,id_exato_sintetico,fora_do_dominio,fora_do_dominio,fora_do_dominio,fora_do_dominio,fora_do_dominio,fora_do_dominio
cemig-eo-r3-s28-v003,family-f02-28,PONTO_CONEXAO,CNX,E07,network_context,reconhecido_exato,enabled,,E07 gramática e positivo autoral com ID exato; sem homologação real,synthetic_only,fora_do_dominio,fora_do_dominio,fora_do_dominio,id_exato_sintetico,fora_do_dominio,fora_do_dominio,fora_do_dominio,fora_do_dominio,fora_do_dominio,fora_do_dominio
cemig-eo-r3-s28-v004,family-f02-28,PONTO_CONEXAO,CNX,E07,network_context,reconhecido_exato,enabled,,E07 gramática e positivo autoral com ID exato; sem homologação real,synthetic_only,fora_do_dominio,fora_do_dominio,fora_do_dominio,id_exato_sintetico,fora_do_dominio,fora_do_dominio,fora_do_dominio,fora_do_dominio,fora_do_dominio,fora_do_dominio
cemig-eo-r3-s29-v001,family-f02-29,PONTO_MEDICAO,CNX,E07,network_context,reconhecido_exato,enabled,,E07 gramática e positivo autoral com ID exato; sem homologação real,synthetic_only,fora_do_dominio,fora_do_dominio,fora_do_dominio,id_exato_sintetico,fora_do_dominio,fora_do_dominio,fora_do_dominio,fora_do_dominio,fora_do_dominio,fora_do_dominio
cemig-eo-r3-s30-v001,family-f02-30,CONCENTRADOR_PRIMARIO,CTR,E07,equipment_review,reconhecido_exato,enabled,,E07 gramática e positivo autoral com ID exato; sem homologação real,synthetic_only,fora_do_dominio,fora_do_dominio,fora_do_dominio,id_exato_sintetico,fora_do_dominio,fora_do_dominio,fora_do_dominio,fora_do_dominio,fora_do_dominio,fora_do_dominio
cemig-eo-r3-s31-v001,family-f02-31,CONCENTRADOR_SECUNDARIO,CTR,E07,equipment_review,reconhecido_exato,enabled,,E07 gramática e positivo autoral com ID exato; sem homologação real,synthetic_only,fora_do_dominio,fora_do_dominio,fora_do_dominio,id_exato_sintetico,fora_do_dominio,fora_do_dominio,fora_do_dominio,fora_do_dominio,fora_do_dominio,fora_do_dominio
cemig-eo-r3-s32-v001,family-f02-32,CONJUNTO_EO,INS,E07,composite_review,ainda_nao_suportado,pending,,Forma E01: Barramento com derivações. Barramento e derivações são compostos; geometria e cardinalidade não podem ser inferidas por primitives isoladas.,documented,fora_do_dominio,fora_do_dominio,fora_do_dominio,pendente_sem_inferencia,fora_do_dominio,fora_do_dominio,fora_do_dominio,fora_do_dominio,fora_do_dominio,fora_do_dominio
cemig-eo-r3-s32-v002,family-f02-32,CONJUNTO_EO,INS,E07,composite_review,ainda_nao_suportado,pending,,Forma E01: Barramento com derivações. Barramento e derivações são compostos; geometria e cardinalidade não podem ser inferidas por primitives isoladas.,documented,fora_do_dominio,fora_do_dominio,fora_do_dominio,pendente_sem_inferencia,fora_do_dominio,fora_do_dominio,fora_do_dominio,fora_do_dominio,fora_do_dominio,fora_do_dominio
cemig-eo-r3-s32-v003,family-f02-32,CONJUNTO_EO,INS,E07,composite_review,ainda_nao_suportado,pending,,Forma E01: Barramento com derivações. Barramento e derivações são compostos; geometria e cardinalidade não podem ser inferidas por primitives isoladas.,documented,fora_do_dominio,fora_do_dominio,fora_do_dominio,pendente_sem_inferencia,fora_do_dominio,fora_do_dominio,fora_do_dominio,fora_do_dominio,fora_do_dominio,fora_do_dominio
cemig-eo-r3-s32-v004,family-f02-32,CONJUNTO_EO,INS,E07,composite_review,ainda_nao_suportado,pending,,Forma E01: Barramento com derivações. Barramento e derivações são compostos; geometria e cardinalidade não podem ser inferidas por primitives isoladas.,documented,fora_do_dominio,fora_do_dominio,fora_do_dominio,pendente_sem_inferencia,fora_do_dominio,fora_do_dominio,fora_do_dominio,fora_do_dominio,fora_do_dominio,fora_do_dominio
cemig-eo-r3-s32-v005,family-f02-32,CONJUNTO_EO,INS,E07,composite_review,ainda_nao_suportado,pending,,Forma E01: Barramento com derivações. Barramento e derivações são compostos; geometria e cardinalidade não podem ser inferidas por primitives isoladas.,documented,fora_do_dominio,fora_do_dominio,fora_do_dominio,pendente_sem_inferencia,fora_do_dominio,fora_do_dominio,fora_do_dominio,fora_do_dominio,fora_do_dominio,fora_do_dominio
cemig-eo-r3-s32-v006,family-f02-32,CONJUNTO_EO,INS,E07,composite_review,ainda_nao_suportado,pending,,Forma E01: Barramento com derivações. Barramento e derivações são compostos; geometria e cardinalidade não podem ser inferidas por primitives isoladas.,documented,fora_do_dominio,fora_do_dominio,fora_do_dominio,pendente_sem_inferencia,fora_do_dominio,fora_do_dominio,fora_do_dominio,fora_do_dominio,fora_do_dominio,fora_do_dominio
cemig-eo-r3-s32-v007,family-f02-32,CONJUNTO_EO,INS,E07,composite_review,ainda_nao_suportado,pending,,Forma E01: Barramento com derivações. Barramento e derivações são compostos; geometria e cardinalidade não podem ser inferidas por primitives isoladas.,documented,fora_do_dominio,fora_do_dominio,fora_do_dominio,pendente_sem_inferencia,fora_do_dominio,fora_do_dominio,fora_do_dominio,fora_do_dominio,fora_do_dominio,fora_do_dominio
cemig-eo-r3-s32-v008,family-f02-32,CONJUNTO_EO,INS,E07,composite_review,ainda_nao_suportado,pending,,Forma E01: Barramento com derivações. Barramento e derivações são compostos; geometria e cardinalidade não podem ser inferidas por primitives isoladas.,documented,fora_do_dominio,fora_do_dominio,fora_do_dominio,pendente_sem_inferencia,fora_do_dominio,fora_do_dominio,fora_do_dominio,fora_do_dominio,fora_do_dominio,fora_do_dominio
cemig-eo-r3-s32-v009,family-f02-32,CONJUNTO_EO,INS,E07,composite_review,ainda_nao_suportado,pending,,Forma E01: Barramento com derivações. Barramento e derivações são compostos; geometria e cardinalidade não podem ser inferidas por primitives isoladas.,documented,fora_do_dominio,fora_do_dominio,fora_do_dominio,pendente_sem_inferencia,fora_do_dominio,fora_do_dominio,fora_do_dominio,fora_do_dominio,fora_do_dominio,fora_do_dominio
cemig-eo-r3-s32-v010,family-f02-32,CONJUNTO_EO,INS,E07,composite_review,ainda_nao_suportado,pending,,Forma E01: Barramento e fusíveis em vias. Barramento e derivações são compostos; geometria e cardinalidade não podem ser inferidas por primitives isoladas.,documented,fora_do_dominio,fora_do_dominio,fora_do_dominio,pendente_sem_inferencia,fora_do_dominio,fora_do_dominio,fora_do_dominio,fora_do_dominio,fora_do_dominio,fora_do_dominio
cemig-eo-r3-s32-v011,family-f02-32,CONJUNTO_EO,INS,E07,composite_review,ainda_nao_suportado,pending,,Forma E01: Barramento e fusíveis em vias. Barramento e derivações são compostos; geometria e cardinalidade não podem ser inferidas por primitives isoladas.,documented,fora_do_dominio,fora_do_dominio,fora_do_dominio,pendente_sem_inferencia,fora_do_dominio,fora_do_dominio,fora_do_dominio,fora_do_dominio,fora_do_dominio,fora_do_dominio
cemig-eo-r3-s32-v012,family-f02-32,CONJUNTO_EO,INS,E07,composite_review,ainda_nao_suportado,pending,,Forma E01: Barramento e fusíveis em vias. Barramento e derivações são compostos; geometria e cardinalidade não podem ser inferidas por primitives isoladas.,documented,fora_do_dominio,fora_do_dominio,fora_do_dominio,pendente_sem_inferencia,fora_do_dominio,fora_do_dominio,fora_do_dominio,fora_do_dominio,fora_do_dominio,fora_do_dominio
cemig-eo-r3-s32-v013,family-f02-32,CONJUNTO_EO,INS,E07,composite_review,ainda_nao_suportado,pending,,Forma E01: Barramento e fusíveis em vias. Barramento e derivações são compostos; geometria e cardinalidade não podem ser inferidas por primitives isoladas.,documented,fora_do_dominio,fora_do_dominio,fora_do_dominio,pendente_sem_inferencia,fora_do_dominio,fora_do_dominio,fora_do_dominio,fora_do_dominio,fora_do_dominio,fora_do_dominio
cemig-eo-r3-s32-v014,family-f02-32,CONJUNTO_EO,INS,E07,composite_review,ainda_nao_suportado,pending,,Forma E01: Barramento com derivações. Barramento e derivações são compostos; geometria e cardinalidade não podem ser inferidas por primitives isoladas.,documented,fora_do_dominio,fora_do_dominio,fora_do_dominio,pendente_sem_inferencia,fora_do_dominio,fora_do_dominio,fora_do_dominio,fora_do_dominio,fora_do_dominio,fora_do_dominio
cemig-eo-r3-s32-v015,family-f02-32,CONJUNTO_EO,INS,E07,composite_review,ainda_nao_suportado,pending,,Forma E01: Barramento com derivações. Barramento e derivações são compostos; geometria e cardinalidade não podem ser inferidas por primitives isoladas.,documented,fora_do_dominio,fora_do_dominio,fora_do_dominio,pendente_sem_inferencia,fora_do_dominio,fora_do_dominio,fora_do_dominio,fora_do_dominio,fora_do_dominio,fora_do_dominio
cemig-eo-r3-s32-v016,family-f02-32,CONJUNTO_EO,INS,E07,composite_review,ainda_nao_suportado,pending,,Forma E01: Conjunto de terminais em arranjo BQX. Barramento e derivações são compostos; geometria e cardinalidade não podem ser inferidas por primitives isoladas.,documented,fora_do_dominio,fora_do_dominio,fora_do_dominio,pendente_sem_inferencia,fora_do_dominio,fora_do_dominio,fora_do_dominio,fora_do_dominio,fora_do_dominio,fora_do_dominio
cemig-eo-r3-s32-v017,family-f02-32,CONJUNTO_EO,INS,E07,composite_review,ainda_nao_suportado,pending,,Forma E01: Conjunto de terminais em arranjo BTX. Barramento e derivações são compostos; geometria e cardinalidade não podem ser inferidas por primitives isoladas.,documented,fora_do_dominio,fora_do_dominio,fora_do_dominio,pendente_sem_inferencia,fora_do_dominio,fora_do_dominio,fora_do_dominio,fora_do_dominio,fora_do_dominio,fora_do_dominio
cemig-eo-r3-s32-v018,family-f02-32,CONJUNTO_EO,INS,E07,composite_review,ainda_nao_suportado,pending,,Forma E01: Conjunto de terminais em arranjo TBB/TDT. Barramento e derivações são compostos; geometria e cardinalidade não podem ser inferidas por primitives isoladas.,documented,fora_do_dominio,fora_do_dominio,fora_do_dominio,pendente_sem_inferencia,fora_do_dominio,fora_do_dominio,fora_do_dominio,fora_do_dominio,fora_do_dominio,fora_do_dominio
cemig-eo-r3-s32-v019,family-f02-32,CONJUNTO_EO,INS,E07,composite_review,ainda_nao_suportado,pending,,Forma E01: Conjunto de terminais em arranjo TDY. Barramento e derivações são compostos; geometria e cardinalidade não podem ser inferidas por primitives isoladas.,documented,fora_do_dominio,fora_do_dominio,fora_do_dominio,pendente_sem_inferencia,fora_do_dominio,fora_do_dominio,fora_do_dominio,fora_do_dominio,fora_do_dominio,fora_do_dominio
cemig-eo-r3-s32-v020,family-f02-32,CONJUNTO_EO,INS,E07,composite_review,ainda_nao_suportado,pending,,"Forma E01: Conjunto de vias, contatos e conexões com aterramento explícito. Barramento e derivações são compostos; geometria e cardinalidade não podem ser inferidas por primitives isoladas.",documented,fora_do_dominio,fora_do_dominio,fora_do_dominio,pendente_sem_inferencia,fora_do_dominio,fora_do_dominio,fora_do_dominio,fora_do_dominio,fora_do_dominio,fora_do_dominio
cemig-eo-r3-s32-v021,family-f02-32,CONJUNTO_EO,INS,E07,composite_review,ainda_nao_suportado,pending,,"Forma E01: Conjunto de vias, contatos e conexões com aterramento explícito. Barramento e derivações são compostos; geometria e cardinalidade não podem ser inferidas por primitives isoladas.",documented,fora_do_dominio,fora_do_dominio,fora_do_dominio,pendente_sem_inferencia,fora_do_dominio,fora_do_dominio,fora_do_dominio,fora_do_dominio,fora_do_dominio,fora_do_dominio
cemig-eo-r3-s32-v022,family-f02-32,CONJUNTO_EO,INS,E07,composite_review,ainda_nao_suportado,pending,,"Forma E01: Conjunto de vias, contatos e conexões. Barramento e derivações são compostos; geometria e cardinalidade não podem ser inferidas por primitives isoladas.",documented,fora_do_dominio,fora_do_dominio,fora_do_dominio,pendente_sem_inferencia,fora_do_dominio,fora_do_dominio,fora_do_dominio,fora_do_dominio,fora_do_dominio,fora_do_dominio
cemig-eo-r3-s32-v023,family-f02-32,CONJUNTO_EO,INS,E07,composite_review,ainda_nao_suportado,pending,,"Forma E01: Conjunto de vias, contatos e conexões. Barramento e derivações são compostos; geometria e cardinalidade não podem ser inferidas por primitives isoladas.",documented,fora_do_dominio,fora_do_dominio,fora_do_dominio,pendente_sem_inferencia,fora_do_dominio,fora_do_dominio,fora_do_dominio,fora_do_dominio,fora_do_dominio,fora_do_dominio
cemig-eo-r3-s32-v024,family-f02-32,CONJUNTO_EO,INS,E07,composite_review,ainda_nao_suportado,pending,,"Forma E01: Conjunto de vias, contatos e conexões. Barramento e derivações são compostos; geometria e cardinalidade não podem ser inferidas por primitives isoladas.",documented,fora_do_dominio,fora_do_dominio,fora_do_dominio,pendente_sem_inferencia,fora_do_dominio,fora_do_dominio,fora_do_dominio,fora_do_dominio,fora_do_dominio,fora_do_dominio
cemig-eo-r3-s32-v025,family-f02-32,CONJUNTO_EO,INS,E07,composite_review,ainda_nao_suportado,pending,,"Forma E01: Conjunto de vias, contatos e conexões. Barramento e derivações são compostos; geometria e cardinalidade não podem ser inferidas por primitives isoladas.",documented,fora_do_dominio,fora_do_dominio,fora_do_dominio,pendente_sem_inferencia,fora_do_dominio,fora_do_dominio,fora_do_dominio,fora_do_dominio,fora_do_dominio,fora_do_dominio
cemig-eo-r3-s32-v026,family-f02-32,CONJUNTO_EO,INS,E07,composite_review,ainda_nao_suportado,pending,,"Forma E01: Conjunto de vias, contatos e conexões. Barramento e derivações são compostos; geometria e cardinalidade não podem ser inferidas por primitives isoladas.",documented,fora_do_dominio,fora_do_dominio,fora_do_dominio,pendente_sem_inferencia,fora_do_dominio,fora_do_dominio,fora_do_dominio,fora_do_dominio,fora_do_dominio,fora_do_dominio
cemig-eo-r3-s32-v027,family-f02-32,CONJUNTO_EO,INS,E07,composite_review,ainda_nao_suportado,pending,,"Forma E01: Conjunto de vias, contatos e conexões com aterramento explícito. Barramento e derivações são compostos; geometria e cardinalidade não podem ser inferidas por primitives isoladas.",documented,fora_do_dominio,fora_do_dominio,fora_do_dominio,pendente_sem_inferencia,fora_do_dominio,fora_do_dominio,fora_do_dominio,fora_do_dominio,fora_do_dominio,fora_do_dominio
cemig-eo-r3-s32-v028,family-f02-32,CONJUNTO_EO,INS,E07,composite_review,ainda_nao_suportado,pending,,"Forma E01: Conjunto de vias, contatos e conexões com aterramento explícito. Barramento e derivações são compostos; geometria e cardinalidade não podem ser inferidas por primitives isoladas.",documented,fora_do_dominio,fora_do_dominio,fora_do_dominio,pendente_sem_inferencia,fora_do_dominio,fora_do_dominio,fora_do_dominio,fora_do_dominio,fora_do_dominio,fora_do_dominio
cemig-eo-r3-s32-v029,family-f02-32,CONJUNTO_EO,INS,E07,composite_review,ainda_nao_suportado,pending,,"Forma E01: Conjunto de vias, contatos e conexões com aterramento explícito. Barramento e derivações são compostos; geometria e cardinalidade não podem ser inferidas por primitives isoladas.",documented,fora_do_dominio,fora_do_dominio,fora_do_dominio,pendente_sem_inferencia,fora_do_dominio,fora_do_dominio,fora_do_dominio,fora_do_dominio,fora_do_dominio,fora_do_dominio
cemig-eo-r3-s32-v030,family-f02-32,CONJUNTO_EO,INS,E07,composite_review,ainda_nao_suportado,pending,,"Forma E01: Conjunto de vias, contatos e conexões com aterramento explícito. Barramento e derivações são compostos; geometria e cardinalidade não podem ser inferidas por primitives isoladas.",documented,fora_do_dominio,fora_do_dominio,fora_do_dominio,pendente_sem_inferencia,fora_do_dominio,fora_do_dominio,fora_do_dominio,fora_do_dominio,fora_do_dominio,fora_do_dominio
cemig-eo-r3-s32-v031,family-f02-32,CONJUNTO_EO,INS,E07,composite_review,ainda_nao_suportado,pending,,"Forma E01: Conjunto de vias, contatos e conexões com aterramento explícito. Barramento e derivações são compostos; geometria e cardinalidade não podem ser inferidas por primitives isoladas.",documented,fora_do_dominio,fora_do_dominio,fora_do_dominio,pendente_sem_inferencia,fora_do_dominio,fora_do_dominio,fora_do_dominio,fora_do_dominio,fora_do_dominio,fora_do_dominio
cemig-eo-r3-s32-v032,family-f02-32,CONJUNTO_EO,INS,E07,composite_review,ainda_nao_suportado,pending,,"Forma E01: Conjunto de vias, contatos e conexões com aterramento explícito. Barramento e derivações são compostos; geometria e cardinalidade não podem ser inferidas por primitives isoladas.",documented,fora_do_dominio,fora_do_dominio,fora_do_dominio,pendente_sem_inferencia,fora_do_dominio,fora_do_dominio,fora_do_dominio,fora_do_dominio,fora_do_dominio,fora_do_dominio
cemig-eo-r3-s32-v033,family-f02-32,CONJUNTO_EO,INS,E07,composite_review,ainda_nao_suportado,pending,,"Forma E01: Conjunto de vias, contatos e conexões com aterramento explícito. Barramento e derivações são compostos; geometria e cardinalidade não podem ser inferidas por primitives isoladas.",documented,fora_do_dominio,fora_do_dominio,fora_do_dominio,pendente_sem_inferencia,fora_do_dominio,fora_do_dominio,fora_do_dominio,fora_do_dominio,fora_do_dominio,fora_do_dominio
cemig-eo-r3-s32-v034,family-f02-32,CONJUNTO_EO,INS,E07,composite_review,ainda_nao_suportado,pending,,"Forma E01: Conjunto de vias, contatos e conexões com aterramento explícito. Barramento e derivações são compostos; geometria e cardinalidade não podem ser inferidas por primitives isoladas.",documented,fora_do_dominio,fora_do_dominio,fora_do_dominio,pendente_sem_inferencia,fora_do_dominio,fora_do_dominio,fora_do_dominio,fora_do_dominio,fora_do_dominio,fora_do_dominio
cemig-eo-r3-s32-v035,family-f02-32,CONJUNTO_EO,INS,E07,composite_review,ainda_nao_suportado,pending,,"Forma E01: Conjunto de vias, contatos e conexões com aterramento explícito. Barramento e derivações são compostos; geometria e cardinalidade não podem ser inferidas por primitives isoladas.",documented,fora_do_dominio,fora_do_dominio,fora_do_dominio,pendente_sem_inferencia,fora_do_dominio,fora_do_dominio,fora_do_dominio,fora_do_dominio,fora_do_dominio,fora_do_dominio
cemig-eo-r3-s32-v036,family-f02-32,CONJUNTO_EO,INS,E07,composite_review,ainda_nao_suportado,pending,,"Forma E01: Conjunto de vias, contatos e conexões com aterramento explícito. Barramento e derivações são compostos; geometria e cardinalidade não podem ser inferidas por primitives isoladas.",documented,fora_do_dominio,fora_do_dominio,fora_do_dominio,pendente_sem_inferencia,fora_do_dominio,fora_do_dominio,fora_do_dominio,fora_do_dominio,fora_do_dominio,fora_do_dominio
cemig-eo-r3-s32-v037,family-f02-32,CONJUNTO_EO,INS,E07,composite_review,ainda_nao_suportado,pending,,"Forma E01: Conjunto de vias, contatos e conexões com aterramento explícito. Barramento e derivações são compostos; geometria e cardinalidade não podem ser inferidas por primitives isoladas.",documented,fora_do_dominio,fora_do_dominio,fora_do_dominio,pendente_sem_inferencia,fora_do_dominio,fora_do_dominio,fora_do_dominio,fora_do_dominio,fora_do_dominio,fora_do_dominio
cemig-eo-r3-s32-v038,family-f02-32,CONJUNTO_EO,INS,E07,composite_review,ainda_nao_suportado,pending,,"Forma E01: Conjunto de vias, contatos e conexões com aterramento explícito. Barramento e derivações são compostos; geometria e cardinalidade não podem ser inferidas por primitives isoladas.",documented,fora_do_dominio,fora_do_dominio,fora_do_dominio,pendente_sem_inferencia,fora_do_dominio,fora_do_dominio,fora_do_dominio,fora_do_dominio,fora_do_dominio,fora_do_dominio
cemig-eo-r3-s32-v039,family-f02-32,CONJUNTO_EO,INS,E07,composite_review,ainda_nao_suportado,pending,,"Forma E01: Conjunto de vias, contatos e conexões. Barramento e derivações são compostos; geometria e cardinalidade não podem ser inferidas por primitives isoladas.",documented,fora_do_dominio,fora_do_dominio,fora_do_dominio,pendente_sem_inferencia,fora_do_dominio,fora_do_dominio,fora_do_dominio,fora_do_dominio,fora_do_dominio,fora_do_dominio
cemig-eo-r3-s32-v040,family-f02-32,CONJUNTO_EO,INS,E07,composite_review,ainda_nao_suportado,pending,,"Forma E01: Conjunto de vias, contatos e conexões. Barramento e derivações são compostos; geometria e cardinalidade não podem ser inferidas por primitives isoladas.",documented,fora_do_dominio,fora_do_dominio,fora_do_dominio,pendente_sem_inferencia,fora_do_dominio,fora_do_dominio,fora_do_dominio,fora_do_dominio,fora_do_dominio,fora_do_dominio
cemig-eo-r3-s32-v041,family-f02-32,CONJUNTO_EO,INS,E07,composite_review,ainda_nao_suportado,pending,,"Forma E01: Conjunto de vias, contatos e conexões. Barramento e derivações são compostos; geometria e cardinalidade não podem ser inferidas por primitives isoladas.",documented,fora_do_dominio,fora_do_dominio,fora_do_dominio,pendente_sem_inferencia,fora_do_dominio,fora_do_dominio,fora_do_dominio,fora_do_dominio,fora_do_dominio,fora_do_dominio
cemig-eo-r3-s32-v042,family-f02-32,CONJUNTO_EO,INS,E07,composite_review,ainda_nao_suportado,pending,,"Forma E01: Conjunto de vias, contatos e conexões. Barramento e derivações são compostos; geometria e cardinalidade não podem ser inferidas por primitives isoladas.",documented,fora_do_dominio,fora_do_dominio,fora_do_dominio,pendente_sem_inferencia,fora_do_dominio,fora_do_dominio,fora_do_dominio,fora_do_dominio,fora_do_dominio,fora_do_dominio
cemig-eo-r3-s32-v043,family-f02-32,CONJUNTO_EO,INS,E07,composite_review,ainda_nao_suportado,pending,,"Forma E01: Conjunto de vias, contatos e conexões com aterramento explícito. Barramento e derivações são compostos; geometria e cardinalidade não podem ser inferidas por primitives isoladas.",documented,fora_do_dominio,fora_do_dominio,fora_do_dominio,pendente_sem_inferencia,fora_do_dominio,fora_do_dominio,fora_do_dominio,fora_do_dominio,fora_do_dominio,fora_do_dominio
cemig-eo-r3-s32-v044,family-f02-32,CONJUNTO_EO,INS,E07,composite_review,ainda_nao_suportado,pending,,"Forma E01: Conjunto de vias, contatos e conexões com aterramento explícito. Barramento e derivações são compostos; geometria e cardinalidade não podem ser inferidas por primitives isoladas.",documented,fora_do_dominio,fora_do_dominio,fora_do_dominio,pendente_sem_inferencia,fora_do_dominio,fora_do_dominio,fora_do_dominio,fora_do_dominio,fora_do_dominio,fora_do_dominio
cemig-eo-r3-s32-v045,family-f02-32,CONJUNTO_EO,INS,E07,composite_review,ainda_nao_suportado,pending,,"Forma E01: Conjunto de vias, contatos e conexões com aterramento explícito. Barramento e derivações são compostos; geometria e cardinalidade não podem ser inferidas por primitives isoladas.",documented,fora_do_dominio,fora_do_dominio,fora_do_dominio,pendente_sem_inferencia,fora_do_dominio,fora_do_dominio,fora_do_dominio,fora_do_dominio,fora_do_dominio,fora_do_dominio
cemig-eo-r3-s32-v046,family-f02-32,CONJUNTO_EO,INS,E07,composite_review,ainda_nao_suportado,pending,,"Forma E01: Conjunto de vias, contatos e conexões com aterramento explícito. Barramento e derivações são compostos; geometria e cardinalidade não podem ser inferidas por primitives isoladas.",documented,fora_do_dominio,fora_do_dominio,fora_do_dominio,pendente_sem_inferencia,fora_do_dominio,fora_do_dominio,fora_do_dominio,fora_do_dominio,fora_do_dominio,fora_do_dominio
cemig-eo-r3-s32-v047,family-f02-32,CONJUNTO_EO,INS,E07,composite_review,ainda_nao_suportado,pending,,"Forma E01: Conjunto de vias, contatos e conexões com aterramento explícito. Barramento e derivações são compostos; geometria e cardinalidade não podem ser inferidas por primitives isoladas.",documented,fora_do_dominio,fora_do_dominio,fora_do_dominio,pendente_sem_inferencia,fora_do_dominio,fora_do_dominio,fora_do_dominio,fora_do_dominio,fora_do_dominio,fora_do_dominio
cemig-eo-r3-s32-v048,family-f02-32,CONJUNTO_EO,INS,E07,composite_review,ainda_nao_suportado,pending,,"Forma E01: Conjunto de vias, contatos e conexões com aterramento explícito. Barramento e derivações são compostos; geometria e cardinalidade não podem ser inferidas por primitives isoladas.",documented,fora_do_dominio,fora_do_dominio,fora_do_dominio,pendente_sem_inferencia,fora_do_dominio,fora_do_dominio,fora_do_dominio,fora_do_dominio,fora_do_dominio,fora_do_dominio
cemig-eo-r3-s32-v049,family-f02-32,CONJUNTO_EO,INS,E07,composite_review,ainda_nao_suportado,pending,,"Forma E01: Conjunto de vias, contatos e conexões com aterramento explícito. Barramento e derivações são compostos; geometria e cardinalidade não podem ser inferidas por primitives isoladas.",documented,fora_do_dominio,fora_do_dominio,fora_do_dominio,pendente_sem_inferencia,fora_do_dominio,fora_do_dominio,fora_do_dominio,fora_do_dominio,fora_do_dominio,fora_do_dominio
cemig-eo-r3-s32-v050,family-f02-32,CONJUNTO_EO,INS,E07,composite_review,ainda_nao_suportado,pending,,"Forma E01: Conjunto de vias, contatos e conexões com aterramento explícito. Barramento e derivações são compostos; geometria e cardinalidade não podem ser inferidas por primitives isoladas.",documented,fora_do_dominio,fora_do_dominio,fora_do_dominio,pendente_sem_inferencia,fora_do_dominio,fora_do_dominio,fora_do_dominio,fora_do_dominio,fora_do_dominio,fora_do_dominio
cemig-eo-r3-s32-v051,family-f02-32,CONJUNTO_EO,INS,E07,composite_review,ainda_nao_suportado,pending,,"Forma E01: Conjunto de vias, contatos e conexões com aterramento explícito. Barramento e derivações são compostos; geometria e cardinalidade não podem ser inferidas por primitives isoladas.",documented,fora_do_dominio,fora_do_dominio,fora_do_dominio,pendente_sem_inferencia,fora_do_dominio,fora_do_dominio,fora_do_dominio,fora_do_dominio,fora_do_dominio,fora_do_dominio
cemig-eo-r3-s33-v001,family-f02-33,RASCUNHO_DESENHO_ELIPSE,DES,E07,informative_only,informativo,pending,,destino sem ativo; pacote pending não significa reconhecimento,documented,fora_do_dominio,fora_do_dominio,fora_do_dominio,pendente_sem_inferencia,fora_do_dominio,fora_do_dominio,fora_do_dominio,fora_do_dominio,informativo_nao_ativo,fora_do_dominio
cemig-eo-r3-s33-v002,family-f02-33,RASCUNHO_DESENHO_RETIRAR_OBJETO_X,DES,E07,informative_only,informativo,pending,,destino sem ativo; pacote pending não significa reconhecimento,documented,fora_do_dominio,fora_do_dominio,fora_do_dominio,pendente_sem_inferencia,fora_do_dominio,fora_do_dominio,fora_do_dominio,fora_do_dominio,informativo_nao_ativo,fora_do_dominio
cemig-eo-r3-s33-v003,family-f02-33,RASCUNHO_DESENHO_ATERRAMENTO_CERCAS,DES,E07,informative_only,informativo,pending,,destino sem ativo; pacote pending não significa reconhecimento,documented,fora_do_dominio,fora_do_dominio,fora_do_dominio,pendente_sem_inferencia,fora_do_dominio,fora_do_dominio,fora_do_dominio,fora_do_dominio,informativo_nao_ativo,fora_do_dominio
cemig-eo-r3-s33-v004,family-f02-33,RASCUNHO_DESENHO_ARVORE,DES,E07,informative_only,informativo,pending,,destino sem ativo; pacote pending não significa reconhecimento,documented,fora_do_dominio,fora_do_dominio,fora_do_dominio,pendente_sem_inferencia,fora_do_dominio,fora_do_dominio,fora_do_dominio,fora_do_dominio,informativo_nao_ativo,fora_do_dominio
cemig-eo-r3-s33-v005,family-f02-33,RASCUNHO_DESENHO_PORTEIRA,DES,E07,informative_only,informativo,pending,,destino sem ativo; pacote pending não significa reconhecimento,documented,fora_do_dominio,fora_do_dominio,fora_do_dominio,pendente_sem_inferencia,fora_do_dominio,fora_do_dominio,fora_do_dominio,fora_do_dominio,informativo_nao_ativo,fora_do_dominio
cemig-eo-r3-s33-v006,family-f02-33,RASCUNHO_DESENHO_CASA,DES,E07,informative_only,informativo,pending,,destino sem ativo; pacote pending não significa reconhecimento,documented,fora_do_dominio,fora_do_dominio,fora_do_dominio,pendente_sem_inferencia,fora_do_dominio,fora_do_dominio,fora_do_dominio,fora_do_dominio,informativo_nao_ativo,fora_do_dominio
cemig-eo-r3-s33-v007,family-f02-33,RASCUNHO_DESENHO_CURRAL,DES,E07,informative_only,informativo,pending,,destino sem ativo; pacote pending não significa reconhecimento,documented,fora_do_dominio,fora_do_dominio,fora_do_dominio,pendente_sem_inferencia,fora_do_dominio,fora_do_dominio,fora_do_dominio,fora_do_dominio,informativo_nao_ativo,fora_do_dominio
cemig-eo-r3-s33-v008,family-f02-33,RASCUNHO_DESENHO_BASE_CONCRETO,DES,E07,informative_only,informativo,pending,,destino sem ativo; pacote pending não significa reconhecimento,documented,fora_do_dominio,fora_do_dominio,fora_do_dominio,pendente_sem_inferencia,fora_do_dominio,fora_do_dominio,fora_do_dominio,fora_do_dominio,informativo_nao_ativo,fora_do_dominio
cemig-eo-r3-s33-v009,family-f02-33,RASCUNHO_DESENHO_BASE_PROFUNDIDADE_AUMENTADA,DES,E07,informative_only,informativo,pending,,destino sem ativo; pacote pending não significa reconhecimento,documented,fora_do_dominio,fora_do_dominio,fora_do_dominio,pendente_sem_inferencia,fora_do_dominio,fora_do_dominio,fora_do_dominio,fora_do_dominio,informativo_nao_ativo,fora_do_dominio
cemig-eo-r3-s33-v010,family-f02-33,RASCUNHO_EXISTENTE_POSTE_CIRCULAR,DES,E07,informative_only,informativo,pending,,destino sem ativo; pacote pending não significa reconhecimento,documented,fora_do_dominio,fora_do_dominio,fora_do_dominio,pendente_sem_inferencia,fora_do_dominio,fora_do_dominio,fora_do_dominio,fora_do_dominio,informativo_nao_ativo,fora_do_dominio
cemig-eo-r3-s33-v011,family-f02-33,RASCUNHO_EXISTENTE_POSTE_MADEIRA,DES,E07,informative_only,informativo,pending,,destino sem ativo; pacote pending não significa reconhecimento,documented,fora_do_dominio,fora_do_dominio,fora_do_dominio,pendente_sem_inferencia,fora_do_dominio,fora_do_dominio,fora_do_dominio,fora_do_dominio,informativo_nao_ativo,fora_do_dominio
cemig-eo-r3-s33-v012,family-f02-33,RASCUNHO_EXISTENTE_POSTE_DT,DES,E07,informative_only,informativo,pending,,destino sem ativo; pacote pending não significa reconhecimento,documented,fora_do_dominio,fora_do_dominio,fora_do_dominio,pendente_sem_inferencia,fora_do_dominio,fora_do_dominio,fora_do_dominio,fora_do_dominio,informativo_nao_ativo,fora_do_dominio
cemig-eo-r3-s33-v013,family-f02-33,RASCUNHO_EXISTENTE_POSTE_FORA_PADRAO,DES,E07,informative_only,informativo,pending,,destino sem ativo; pacote pending não significa reconhecimento,documented,fora_do_dominio,fora_do_dominio,fora_do_dominio,pendente_sem_inferencia,fora_do_dominio,fora_do_dominio,fora_do_dominio,fora_do_dominio,informativo_nao_ativo,fora_do_dominio
cemig-eo-r3-s33-v014,family-f02-33,RASCUNHO_EXISTENTE_POSTE_COMPOSITO,DES,E07,informative_only,informativo,pending,,destino sem ativo; pacote pending não significa reconhecimento,documented,fora_do_dominio,fora_do_dominio,fora_do_dominio,pendente_sem_inferencia,fora_do_dominio,fora_do_dominio,fora_do_dominio,fora_do_dominio,informativo_nao_ativo,fora_do_dominio
cemig-eo-r3-s33-v015,family-f02-33,RASCUNHO_EXISTENTE_POSTE_IP,DES,E07,informative_only,informativo,pending,,destino sem ativo; pacote pending não significa reconhecimento,documented,fora_do_dominio,fora_do_dominio,fora_do_dominio,pendente_sem_inferencia,fora_do_dominio,fora_do_dominio,fora_do_dominio,fora_do_dominio,informativo_nao_ativo,fora_do_dominio
cemig-eo-r3-s33-v016,family-f02-33,RASCUNHO_EXISTENTE_TRANSFORMADOR,DES,E07,informative_only,informativo,pending,,destino sem ativo; pacote pending não significa reconhecimento,documented,fora_do_dominio,fora_do_dominio,fora_do_dominio,pendente_sem_inferencia,fora_do_dominio,fora_do_dominio,fora_do_dominio,fora_do_dominio,informativo_nao_ativo,fora_do_dominio
cemig-eo-r3-s33-v017,family-f02-33,RASCUNHO_EXISTENTE_TRANSFORMADOR_CHAVE_RECUADA,DES,E07,informative_only,informativo,pending,,destino sem ativo; pacote pending não significa reconhecimento,documented,fora_do_dominio,fora_do_dominio,fora_do_dominio,pendente_sem_inferencia,fora_do_dominio,fora_do_dominio,fora_do_dominio,fora_do_dominio,informativo_nao_ativo,fora_do_dominio
cemig-eo-r3-s33-v018,family-f02-33,RASCUNHO_DESENHO_ESFERA_SINALIZACAO,DES,E07,informative_only,informativo,pending,,destino sem ativo; pacote pending não significa reconhecimento,documented,fora_do_dominio,fora_do_dominio,fora_do_dominio,pendente_sem_inferencia,fora_do_dominio,fora_do_dominio,fora_do_dominio,fora_do_dominio,informativo_nao_ativo,fora_do_dominio
cemig-eo-r3-s33-v019,family-f02-33,RASCUNHO_DESENHO_PONTO_ONIBUS,DES,E07,informative_only,informativo,pending,,destino sem ativo; pacote pending não significa reconhecimento,documented,fora_do_dominio,fora_do_dominio,fora_do_dominio,pendente_sem_inferencia,fora_do_dominio,fora_do_dominio,fora_do_dominio,fora_do_dominio,informativo_nao_ativo,fora_do_dominio
cemig-eo-r3-s33-v020,family-f02-33,RASCUNHO_DESENHO_OBSTACULO,DES,E07,informative_only,informativo,pending,,destino sem ativo; pacote pending não significa reconhecimento,documented,fora_do_dominio,fora_do_dominio,fora_do_dominio,pendente_sem_inferencia,fora_do_dominio,fora_do_dominio,fora_do_dominio,fora_do_dominio,informativo_nao_ativo,fora_do_dominio
cemig-eo-r3-s33-v021,family-f02-33,RASCUNHO_RETIRAR_POSTE_CIRCULAR,DES,E07,informative_only,informativo,pending,,destino sem ativo; pacote pending não significa reconhecimento,documented,fora_do_dominio,fora_do_dominio,fora_do_dominio,pendente_sem_inferencia,fora_do_dominio,fora_do_dominio,fora_do_dominio,fora_do_dominio,informativo_nao_ativo,fora_do_dominio
cemig-eo-r3-s33-v022,family-f02-33,RASCUNHO_RETIRAR_POSTE_MADEIRA,DES,E07,informative_only,informativo,pending,,destino sem ativo; pacote pending não significa reconhecimento,documented,fora_do_dominio,fora_do_dominio,fora_do_dominio,pendente_sem_inferencia,fora_do_dominio,fora_do_dominio,fora_do_dominio,fora_do_dominio,informativo_nao_ativo,fora_do_dominio
cemig-eo-r3-s33-v023,family-f02-33,RASCUNHO_RETIRAR_POSTE_DT,DES,E07,informative_only,informativo,pending,,destino sem ativo; pacote pending não significa reconhecimento,documented,fora_do_dominio,fora_do_dominio,fora_do_dominio,pendente_sem_inferencia,fora_do_dominio,fora_do_dominio,fora_do_dominio,fora_do_dominio,informativo_nao_ativo,fora_do_dominio
cemig-eo-r3-s33-v024,family-f02-33,RASCUNHO_RETIRAR_POSTE_FORA_PADRAO,DES,E07,informative_only,informativo,pending,,destino sem ativo; pacote pending não significa reconhecimento,documented,fora_do_dominio,fora_do_dominio,fora_do_dominio,pendente_sem_inferencia,fora_do_dominio,fora_do_dominio,fora_do_dominio,fora_do_dominio,informativo_nao_ativo,fora_do_dominio
cemig-eo-r3-s33-v025,family-f02-33,RASCUNHO_RETIRAR_POSTE_COMPOSITO,DES,E07,informative_only,informativo,pending,,destino sem ativo; pacote pending não significa reconhecimento,documented,fora_do_dominio,fora_do_dominio,fora_do_dominio,pendente_sem_inferencia,fora_do_dominio,fora_do_dominio,fora_do_dominio,fora_do_dominio,informativo_nao_ativo,fora_do_dominio
cemig-eo-r3-s33-v026,family-f02-33,RASCUNHO_RETIRAR_POSTE_IP,DES,E07,informative_only,informativo,pending,,destino sem ativo; pacote pending não significa reconhecimento,documented,fora_do_dominio,fora_do_dominio,fora_do_dominio,pendente_sem_inferencia,fora_do_dominio,fora_do_dominio,fora_do_dominio,fora_do_dominio,informativo_nao_ativo,fora_do_dominio
cemig-eo-r3-s33-v027,family-f02-33,RASCUNHO_RETIRAR_TRANSFORMADOR,DES,E07,informative_only,informativo,pending,,destino sem ativo; pacote pending não significa reconhecimento,documented,fora_do_dominio,fora_do_dominio,fora_do_dominio,pendente_sem_inferencia,fora_do_dominio,fora_do_dominio,fora_do_dominio,fora_do_dominio,informativo_nao_ativo,fora_do_dominio
cemig-eo-r3-s33-v028,family-f02-33,RASCUNHO_RETIRAR_TRANSFORMADOR_CHAVE_RECUADA,DES,E07,informative_only,informativo,pending,,destino sem ativo; pacote pending não significa reconhecimento,documented,fora_do_dominio,fora_do_dominio,fora_do_dominio,pendente_sem_inferencia,fora_do_dominio,fora_do_dominio,fora_do_dominio,fora_do_dominio,informativo_nao_ativo,fora_do_dominio
cemig-eo-r3-s33-v029,family-f02-33,RASCUNHO_EXISTENTE_EI_CHAVE_FUSIVEL,DES,E07,informative_only,informativo,pending,,destino sem ativo; pacote pending não significa reconhecimento,documented,fora_do_dominio,fora_do_dominio,fora_do_dominio,pendente_sem_inferencia,fora_do_dominio,fora_do_dominio,fora_do_dominio,fora_do_dominio,informativo_nao_ativo,fora_do_dominio
cemig-eo-r3-s33-v030,family-f02-33,RASCUNHO_EXISTENTE_EI_CHAVE_FACA,DES,E07,informative_only,informativo,pending,,destino sem ativo; pacote pending não significa reconhecimento,documented,fora_do_dominio,fora_do_dominio,fora_do_dominio,pendente_sem_inferencia,fora_do_dominio,fora_do_dominio,fora_do_dominio,fora_do_dominio,informativo_nao_ativo,fora_do_dominio
cemig-eo-r3-s33-v031,family-f02-33,RASCUNHO_EXISTENTE_EI_RELIGADOR,DES,E07,informative_only,informativo,pending,,destino sem ativo; pacote pending não significa reconhecimento,documented,fora_do_dominio,fora_do_dominio,fora_do_dominio,pendente_sem_inferencia,fora_do_dominio,fora_do_dominio,fora_do_dominio,fora_do_dominio,informativo_nao_ativo,fora_do_dominio
cemig-eo-r3-s33-v032,family-f02-33,RASCUNHO_EXISTENTE_EI_SECCIONALIZADOR,DES,E07,informative_only,informativo,pending,,destino sem ativo; pacote pending não significa reconhecimento,documented,fora_do_dominio,fora_do_dominio,fora_do_dominio,pendente_sem_inferencia,fora_do_dominio,fora_do_dominio,fora_do_dominio,fora_do_dominio,informativo_nao_ativo,fora_do_dominio
cemig-eo-r3-s33-v033,family-f02-33,RASCUNHO_EXISTENTE_EI_DISJUNTOR,DES,E07,informative_only,informativo,pending,,destino sem ativo; pacote pending não significa reconhecimento,documented,fora_do_dominio,fora_do_dominio,fora_do_dominio,pendente_sem_inferencia,fora_do_dominio,fora_do_dominio,fora_do_dominio,fora_do_dominio,informativo_nao_ativo,fora_do_dominio
cemig-eo-r3-s33-v034,family-f02-33,RASCUNHO_EXISTENTE_EI_CHAVE_GAS,DES,E07,informative_only,informativo,pending,,destino sem ativo; pacote pending não significa reconhecimento,documented,fora_do_dominio,fora_do_dominio,fora_do_dominio,pendente_sem_inferencia,fora_do_dominio,fora_do_dominio,fora_do_dominio,fora_do_dominio,informativo_nao_ativo,fora_do_dominio
cemig-eo-r3-s33-v035,family-f02-33,RASCUNHO_EXISTENTE_EI_CHAVE_OLEO,DES,E07,informative_only,informativo,pending,,destino sem ativo; pacote pending não significa reconhecimento,documented,fora_do_dominio,fora_do_dominio,fora_do_dominio,pendente_sem_inferencia,fora_do_dominio,fora_do_dominio,fora_do_dominio,fora_do_dominio,informativo_nao_ativo,fora_do_dominio
cemig-eo-r3-s33-v036,family-f02-33,RASCUNHO_EXISTENTE_EI_CHAVE_VACUO,DES,E07,informative_only,informativo,pending,,destino sem ativo; pacote pending não significa reconhecimento,documented,fora_do_dominio,fora_do_dominio,fora_do_dominio,pendente_sem_inferencia,fora_do_dominio,fora_do_dominio,fora_do_dominio,fora_do_dominio,informativo_nao_ativo,fora_do_dominio
cemig-eo-r3-s33-v037,family-f02-33,RASCUNHO_EXISTENTE_EI_GRAMPO_LINHA_VIVA,DES,E07,informative_only,informativo,pending,,destino sem ativo; pacote pending não significa reconhecimento,documented,fora_do_dominio,fora_do_dominio,fora_do_dominio,pendente_sem_inferencia,fora_do_dominio,fora_do_dominio,fora_do_dominio,fora_do_dominio,informativo_nao_ativo,fora_do_dominio
cemig-eo-r3-s33-v038,family-f02-33,RASCUNHO_RETIRAR_EI_CHAVE_FUSIVEL,DES,E07,informative_only,informativo,pending,,destino sem ativo; pacote pending não significa reconhecimento,documented,fora_do_dominio,fora_do_dominio,fora_do_dominio,pendente_sem_inferencia,fora_do_dominio,fora_do_dominio,fora_do_dominio,fora_do_dominio,informativo_nao_ativo,fora_do_dominio
cemig-eo-r3-s33-v039,family-f02-33,RASCUNHO_RETIRAR_EI_CHAVE_FACA,DES,E07,informative_only,informativo,pending,,destino sem ativo; pacote pending não significa reconhecimento,documented,fora_do_dominio,fora_do_dominio,fora_do_dominio,pendente_sem_inferencia,fora_do_dominio,fora_do_dominio,fora_do_dominio,fora_do_dominio,informativo_nao_ativo,fora_do_dominio
cemig-eo-r3-s33-v040,family-f02-33,RASCUNHO_RETIRAR_EI_RELIGADOR,DES,E07,informative_only,informativo,pending,,destino sem ativo; pacote pending não significa reconhecimento,documented,fora_do_dominio,fora_do_dominio,fora_do_dominio,pendente_sem_inferencia,fora_do_dominio,fora_do_dominio,fora_do_dominio,fora_do_dominio,informativo_nao_ativo,fora_do_dominio
cemig-eo-r3-s33-v041,family-f02-33,RASCUNHO_RETIRAR_EI_SECCIONALIZADOR,DES,E07,informative_only,informativo,pending,,destino sem ativo; pacote pending não significa reconhecimento,documented,fora_do_dominio,fora_do_dominio,fora_do_dominio,pendente_sem_inferencia,fora_do_dominio,fora_do_dominio,fora_do_dominio,fora_do_dominio,informativo_nao_ativo,fora_do_dominio
cemig-eo-r3-s33-v042,family-f02-33,RASCUNHO_RETIRAR_EI_DISJUNTOR,DES,E07,informative_only,informativo,pending,,destino sem ativo; pacote pending não significa reconhecimento,documented,fora_do_dominio,fora_do_dominio,fora_do_dominio,pendente_sem_inferencia,fora_do_dominio,fora_do_dominio,fora_do_dominio,fora_do_dominio,informativo_nao_ativo,fora_do_dominio
cemig-eo-r3-s33-v043,family-f02-33,RASCUNHO_RETIRAR_EI_CHAVE_GAS,DES,E07,informative_only,informativo,pending,,destino sem ativo; pacote pending não significa reconhecimento,documented,fora_do_dominio,fora_do_dominio,fora_do_dominio,pendente_sem_inferencia,fora_do_dominio,fora_do_dominio,fora_do_dominio,fora_do_dominio,informativo_nao_ativo,fora_do_dominio
cemig-eo-r3-s33-v044,family-f02-33,RASCUNHO_RETIRAR_EI_CHAVE_OLEO,DES,E07,informative_only,informativo,pending,,destino sem ativo; pacote pending não significa reconhecimento,documented,fora_do_dominio,fora_do_dominio,fora_do_dominio,pendente_sem_inferencia,fora_do_dominio,fora_do_dominio,fora_do_dominio,fora_do_dominio,informativo_nao_ativo,fora_do_dominio
cemig-eo-r3-s33-v045,family-f02-33,RASCUNHO_RETIRAR_EI_CHAVE_VACUO,DES,E07,informative_only,informativo,pending,,destino sem ativo; pacote pending não significa reconhecimento,documented,fora_do_dominio,fora_do_dominio,fora_do_dominio,pendente_sem_inferencia,fora_do_dominio,fora_do_dominio,fora_do_dominio,fora_do_dominio,informativo_nao_ativo,fora_do_dominio
cemig-eo-r3-s33-v046,family-f02-33,RASCUNHO_RETIRAR_EI_GRAMPO_LINHA_VIVA,DES,E07,informative_only,informativo,pending,,destino sem ativo; pacote pending não significa reconhecimento,documented,fora_do_dominio,fora_do_dominio,fora_do_dominio,pendente_sem_inferencia,fora_do_dominio,fora_do_dominio,fora_do_dominio,fora_do_dominio,informativo_nao_ativo,fora_do_dominio
cemig-eo-r3-s33-v047,family-f02-33,RASCUNHO_EXISTENTE_ESTAI_ANCORA,DES,E07,informative_only,informativo,pending,,destino sem ativo; pacote pending não significa reconhecimento,documented,fora_do_dominio,fora_do_dominio,fora_do_dominio,pendente_sem_inferencia,fora_do_dominio,fora_do_dominio,fora_do_dominio,fora_do_dominio,informativo_nao_ativo,fora_do_dominio
cemig-eo-r3-s33-v048,family-f02-33,RASCUNHO_EXISTENTE_ESTAI_CZ_CZ,DES,E07,informative_only,informativo,pending,,destino sem ativo; pacote pending não significa reconhecimento,documented,fora_do_dominio,fora_do_dominio,fora_do_dominio,pendente_sem_inferencia,fora_do_dominio,fora_do_dominio,fora_do_dominio,fora_do_dominio,informativo_nao_ativo,fora_do_dominio
cemig-eo-r3-s33-v049,family-f02-33,RASCUNHO_EXISTENTE_ESTAI_CRUZETA_POSTE,DES,E07,informative_only,informativo,pending,,destino sem ativo; pacote pending não significa reconhecimento,documented,fora_do_dominio,fora_do_dominio,fora_do_dominio,pendente_sem_inferencia,fora_do_dominio,fora_do_dominio,fora_do_dominio,fora_do_dominio,informativo_nao_ativo,fora_do_dominio
cemig-eo-r3-s33-v050,family-f02-33,RASCUNHO_EXISTENTE_ESTAI_CRUZETA_POSTE_COM_SECCIONAMENTO,DES,E07,informative_only,informativo,pending,,destino sem ativo; pacote pending não significa reconhecimento,documented,fora_do_dominio,fora_do_dominio,fora_do_dominio,pendente_sem_inferencia,fora_do_dominio,fora_do_dominio,fora_do_dominio,fora_do_dominio,informativo_nao_ativo,fora_do_dominio
cemig-eo-r3-s33-v051,family-f02-33,RASCUNHO_EXISTENTE_ESTAI_POSTE_A_POSTE,DES,E07,informative_only,informativo,pending,,destino sem ativo; pacote pending não significa reconhecimento,documented,fora_do_dominio,fora_do_dominio,fora_do_dominio,pendente_sem_inferencia,fora_do_dominio,fora_do_dominio,fora_do_dominio,fora_do_dominio,informativo_nao_ativo,fora_do_dominio
cemig-eo-r3-s33-v052,family-f02-33,RASCUNHO_RETIRAR_ESTAI_ANCORA,DES,E07,informative_only,informativo,pending,,destino sem ativo; pacote pending não significa reconhecimento,documented,fora_do_dominio,fora_do_dominio,fora_do_dominio,pendente_sem_inferencia,fora_do_dominio,fora_do_dominio,fora_do_dominio,fora_do_dominio,informativo_nao_ativo,fora_do_dominio
cemig-eo-r3-s33-v053,family-f02-33,RASCUNHO_RETIRAR_ESTAI_CZ_CZ,DES,E07,informative_only,informativo,pending,,destino sem ativo; pacote pending não significa reconhecimento,documented,fora_do_dominio,fora_do_dominio,fora_do_dominio,pendente_sem_inferencia,fora_do_dominio,fora_do_dominio,fora_do_dominio,fora_do_dominio,informativo_nao_ativo,fora_do_dominio
cemig-eo-r3-s33-v054,family-f02-33,RASCUNHO_RETIRAR_ESTAI_CRUZETA_POSTE,DES,E07,informative_only,informativo,pending,,destino sem ativo; pacote pending não significa reconhecimento,documented,fora_do_dominio,fora_do_dominio,fora_do_dominio,pendente_sem_inferencia,fora_do_dominio,fora_do_dominio,fora_do_dominio,fora_do_dominio,informativo_nao_ativo,fora_do_dominio
cemig-eo-r3-s33-v055,family-f02-33,RASCUNHO_RETIRAR_ESTAI_CRUZETA_POSTE_COM_SECCIONAMENTO,DES,E07,informative_only,informativo,pending,,destino sem ativo; pacote pending não significa reconhecimento,documented,fora_do_dominio,fora_do_dominio,fora_do_dominio,pendente_sem_inferencia,fora_do_dominio,fora_do_dominio,fora_do_dominio,fora_do_dominio,informativo_nao_ativo,fora_do_dominio
cemig-eo-r3-s33-v056,family-f02-33,RASCUNHO_RETIRAR_ESTAI_POSTE_A_POSTE,DES,E07,informative_only,informativo,pending,,destino sem ativo; pacote pending não significa reconhecimento,documented,fora_do_dominio,fora_do_dominio,fora_do_dominio,pendente_sem_inferencia,fora_do_dominio,fora_do_dominio,fora_do_dominio,fora_do_dominio,informativo_nao_ativo,fora_do_dominio
cemig-eo-r3-s33-v057,family-f02-33,RASCUNHO_RETIRAR_ATERRAMENTO,DES,E07,informative_only,informativo,pending,,destino sem ativo; pacote pending não significa reconhecimento,documented,fora_do_dominio,fora_do_dominio,fora_do_dominio,pendente_sem_inferencia,fora_do_dominio,fora_do_dominio,fora_do_dominio,fora_do_dominio,informativo_nao_ativo,fora_do_dominio
cemig-eo-r3-s33-v058,family-f02-33,RASCUNHO_RETIRAR_ATERRAMENTO_TEMPORARIO,DES,E07,informative_only,informativo,pending,,destino sem ativo; pacote pending não significa reconhecimento,documented,fora_do_dominio,fora_do_dominio,fora_do_dominio,pendente_sem_inferencia,fora_do_dominio,fora_do_dominio,fora_do_dominio,fora_do_dominio,informativo_nao_ativo,fora_do_dominio
cemig-eo-r3-s33-v059,family-f02-33,RASCUNHO_RETIRAR_MUFLA,DES,E07,informative_only,informativo,pending,,destino sem ativo; pacote pending não significa reconhecimento,documented,fora_do_dominio,fora_do_dominio,fora_do_dominio,pendente_sem_inferencia,fora_do_dominio,fora_do_dominio,fora_do_dominio,fora_do_dominio,informativo_nao_ativo,fora_do_dominio
cemig-eo-r3-s33-v060,family-f02-33,RASCUNHO_RETIRAR_CONECTOR,DES,E07,informative_only,informativo,pending,,destino sem ativo; pacote pending não significa reconhecimento,documented,fora_do_dominio,fora_do_dominio,fora_do_dominio,pendente_sem_inferencia,fora_do_dominio,fora_do_dominio,fora_do_dominio,fora_do_dominio,informativo_nao_ativo,fora_do_dominio
cemig-eo-r3-s33-v061,family-f02-33,RASCUNHO_EXISTENTE_ATERRAMENTO,DES,E07,informative_only,informativo,pending,,destino sem ativo; pacote pending não significa reconhecimento,documented,fora_do_dominio,fora_do_dominio,fora_do_dominio,pendente_sem_inferencia,fora_do_dominio,fora_do_dominio,fora_do_dominio,fora_do_dominio,informativo_nao_ativo,fora_do_dominio
cemig-eo-r3-s33-v062,family-f02-33,RASCUNHO_EXISTENTE_ATERRAMENTO_TEMPORARIO,DES,E07,informative_only,informativo,pending,,destino sem ativo; pacote pending não significa reconhecimento,documented,fora_do_dominio,fora_do_dominio,fora_do_dominio,pendente_sem_inferencia,fora_do_dominio,fora_do_dominio,fora_do_dominio,fora_do_dominio,informativo_nao_ativo,fora_do_dominio
cemig-eo-r3-s33-v063,family-f02-33,RASCUNHO_EXISTENTE_MUFLA,DES,E07,informative_only,informativo,pending,,destino sem ativo; pacote pending não significa reconhecimento,documented,fora_do_dominio,fora_do_dominio,fora_do_dominio,pendente_sem_inferencia,fora_do_dominio,fora_do_dominio,fora_do_dominio,fora_do_dominio,informativo_nao_ativo,fora_do_dominio
cemig-eo-r3-s33-v064,family-f02-33,RASCUNHO_EXISTENTE_CONECTOR,DES,E07,informative_only,informativo,pending,,destino sem ativo; pacote pending não significa reconhecimento,documented,fora_do_dominio,fora_do_dominio,fora_do_dominio,pendente_sem_inferencia,fora_do_dominio,fora_do_dominio,fora_do_dominio,fora_do_dominio,informativo_nao_ativo,fora_do_dominio
cemig-eo-r3-s33-v065,family-f02-33,RASCUNHO_EXISTENTE_EI_SECCIONAMENTO,DES,E07,informative_only,informativo,pending,,destino sem ativo; pacote pending não significa reconhecimento,documented,fora_do_dominio,fora_do_dominio,fora_do_dominio,pendente_sem_inferencia,fora_do_dominio,fora_do_dominio,fora_do_dominio,fora_do_dominio,informativo_nao_ativo,fora_do_dominio
cemig-eo-r3-s33-v066,family-f02-33,RASCUNHO_RETIRAR_EI_SECCIONAMENTO,DES,E07,informative_only,informativo,pending,,destino sem ativo; pacote pending não significa reconhecimento,documented,fora_do_dominio,fora_do_dominio,fora_do_dominio,pendente_sem_inferencia,fora_do_dominio,fora_do_dominio,fora_do_dominio,fora_do_dominio,informativo_nao_ativo,fora_do_dominio
cemig-eo-r3-s33-v067,family-f02-33,RASCUNHO_EXISTENTE_TORRE,DES,E07,informative_only,informativo,pending,,destino sem ativo; pacote pending não significa reconhecimento,documented,fora_do_dominio,fora_do_dominio,fora_do_dominio,pendente_sem_inferencia,fora_do_dominio,fora_do_dominio,fora_do_dominio,fora_do_dominio,informativo_nao_ativo,fora_do_dominio
cemig-eo-r3-s33-v068,family-f02-33,RASCUNHO_EXISTENTE_EP_PARA_RAIOS_MT,DES,E07,informative_only,informativo,pending,,destino sem ativo; pacote pending não significa reconhecimento,documented,fora_do_dominio,fora_do_dominio,fora_do_dominio,pendente_sem_inferencia,fora_do_dominio,fora_do_dominio,fora_do_dominio,fora_do_dominio,informativo_nao_ativo,fora_do_dominio
cemig-eo-r3-s33-v069,family-f02-33,RASCUNHO_RETIRAR_EP_PARA_RAIOS_MT,DES,E07,informative_only,informativo,pending,,destino sem ativo; pacote pending não significa reconhecimento,documented,fora_do_dominio,fora_do_dominio,fora_do_dominio,pendente_sem_inferencia,fora_do_dominio,fora_do_dominio,fora_do_dominio,fora_do_dominio,informativo_nao_ativo,fora_do_dominio
cemig-eo-r3-s33-v070,family-f02-33,RASCUNHO_EXISTENTE_EP_PARA_RAIOS_BT,DES,E07,informative_only,informativo,pending,,destino sem ativo; pacote pending não significa reconhecimento,documented,fora_do_dominio,fora_do_dominio,fora_do_dominio,pendente_sem_inferencia,fora_do_dominio,fora_do_dominio,fora_do_dominio,fora_do_dominio,informativo_nao_ativo,fora_do_dominio
cemig-eo-r3-s33-v071,family-f02-33,RASCUNHO_RETIRAR_EP_PARA_RAIOS_BT,DES,E07,informative_only,informativo,pending,,destino sem ativo; pacote pending não significa reconhecimento,documented,fora_do_dominio,fora_do_dominio,fora_do_dominio,pendente_sem_inferencia,fora_do_dominio,fora_do_dominio,fora_do_dominio,fora_do_dominio,informativo_nao_ativo,fora_do_dominio
cemig-eo-r3-s33-v072,family-f02-33,RASCUNHO_RETIRAR_TRANSFORMADOR_MUNDO_INTERNO,DES,E07,informative_only,informativo,pending,,destino sem ativo; pacote pending não significa reconhecimento,documented,fora_do_dominio,fora_do_dominio,fora_do_dominio,pendente_sem_inferencia,fora_do_dominio,fora_do_dominio,fora_do_dominio,fora_do_dominio,informativo_nao_ativo,fora_do_dominio
cemig-eo-r3-s33-v073,family-f02-33,RASCUNHO_RETIRAR_REGULADOR_TENSAO,DES,E07,informative_only,informativo,pending,,destino sem ativo; pacote pending não significa reconhecimento,documented,fora_do_dominio,fora_do_dominio,fora_do_dominio,pendente_sem_inferencia,fora_do_dominio,fora_do_dominio,fora_do_dominio,fora_do_dominio,informativo_nao_ativo,fora_do_dominio
cemig-eo-r3-s33-v074,family-f02-33,RASCUNHO_RETIRAR_REGULADOR_TENSAO_MUNDO_INTERNO,DES,E07,informative_only,informativo,pending,,destino sem ativo; pacote pending não significa reconhecimento,documented,fora_do_dominio,fora_do_dominio,fora_do_dominio,pendente_sem_inferencia,fora_do_dominio,fora_do_dominio,fora_do_dominio,fora_do_dominio,informativo_nao_ativo,fora_do_dominio
cemig-eo-r3-s33-v075,family-f02-33,RASCUNHO_RETIRAR_USINA,DES,E07,informative_only,informativo,pending,,destino sem ativo; pacote pending não significa reconhecimento,documented,fora_do_dominio,fora_do_dominio,fora_do_dominio,pendente_sem_inferencia,fora_do_dominio,fora_do_dominio,fora_do_dominio,fora_do_dominio,informativo_nao_ativo,fora_do_dominio
cemig-eo-r3-s33-v076,family-f02-33,RASCUNHO_RETIRAR_ER_BANCO_CAPACITOR,DES,E07,informative_only,informativo,pending,,destino sem ativo; pacote pending não significa reconhecimento,documented,fora_do_dominio,fora_do_dominio,fora_do_dominio,pendente_sem_inferencia,fora_do_dominio,fora_do_dominio,fora_do_dominio,fora_do_dominio,informativo_nao_ativo,fora_do_dominio
cemig-eo-r3-s33-v077,family-f02-33,RASCUNHO_EXISTENTE_TRANSFORMADOR_MUNDO_INTERNO,DES,E07,informative_only,informativo,pending,,destino sem ativo; pacote pending não significa reconhecimento,documented,fora_do_dominio,fora_do_dominio,fora_do_dominio,pendente_sem_inferencia,fora_do_dominio,fora_do_dominio,fora_do_dominio,fora_do_dominio,informativo_nao_ativo,fora_do_dominio
cemig-eo-r3-s33-v078,family-f02-33,RASCUNHO_EXISTENTE_REGULADOR_TENSAO,DES,E07,informative_only,informativo,pending,,destino sem ativo; pacote pending não significa reconhecimento,documented,fora_do_dominio,fora_do_dominio,fora_do_dominio,pendente_sem_inferencia,fora_do_dominio,fora_do_dominio,fora_do_dominio,fora_do_dominio,informativo_nao_ativo,fora_do_dominio
cemig-eo-r3-s33-v079,family-f02-33,RASCUNHO_EXISTENTE_REGULADOR_TENSAO_MUNDO_INTERNO,DES,E07,informative_only,informativo,pending,,destino sem ativo; pacote pending não significa reconhecimento,documented,fora_do_dominio,fora_do_dominio,fora_do_dominio,pendente_sem_inferencia,fora_do_dominio,fora_do_dominio,fora_do_dominio,fora_do_dominio,informativo_nao_ativo,fora_do_dominio
cemig-eo-r3-s33-v080,family-f02-33,RASCUNHO_EXISTENTE_USINA,DES,E07,informative_only,informativo,pending,,destino sem ativo; pacote pending não significa reconhecimento,documented,fora_do_dominio,fora_do_dominio,fora_do_dominio,pendente_sem_inferencia,fora_do_dominio,fora_do_dominio,fora_do_dominio,fora_do_dominio,informativo_nao_ativo,fora_do_dominio
cemig-eo-r3-s33-v081,family-f02-33,RASCUNHO_EXISTENTE_ER_BANCO_CAPACITOR,DES,E07,informative_only,informativo,pending,,destino sem ativo; pacote pending não significa reconhecimento,documented,fora_do_dominio,fora_do_dominio,fora_do_dominio,pendente_sem_inferencia,fora_do_dominio,fora_do_dominio,fora_do_dominio,fora_do_dominio,informativo_nao_ativo,fora_do_dominio
cemig-eo-r3-s33-v082,family-f02-33,RASCUNHO_RETIRAR_EI_TERMINAL_DESCONECTAVEL,DES,E07,informative_only,informativo,pending,,destino sem ativo; pacote pending não significa reconhecimento,documented,fora_do_dominio,fora_do_dominio,fora_do_dominio,pendente_sem_inferencia,fora_do_dominio,fora_do_dominio,fora_do_dominio,fora_do_dominio,informativo_nao_ativo,fora_do_dominio
cemig-eo-r3-s33-v083,family-f02-33,RASCUNHO_RETIRAR_EI_FUSIVEL_LIMITADOR_CORRENTE,DES,E07,informative_only,informativo,pending,,destino sem ativo; pacote pending não significa reconhecimento,documented,fora_do_dominio,fora_do_dominio,fora_do_dominio,pendente_sem_inferencia,fora_do_dominio,fora_do_dominio,fora_do_dominio,fora_do_dominio,informativo_nao_ativo,fora_do_dominio
cemig-eo-r3-s33-v084,family-f02-33,RASCUNHO_RETIRAR_EI_FUSIVEL,DES,E07,informative_only,informativo,pending,,destino sem ativo; pacote pending não significa reconhecimento,documented,fora_do_dominio,fora_do_dominio,fora_do_dominio,pendente_sem_inferencia,fora_do_dominio,fora_do_dominio,fora_do_dominio,fora_do_dominio,informativo_nao_ativo,fora_do_dominio
cemig-eo-r3-s33-v085,family-f02-33,RASCUNHO_RETIRAR_EI_PROTETOR_RETICULADO,DES,E07,informative_only,informativo,pending,,destino sem ativo; pacote pending não significa reconhecimento,documented,fora_do_dominio,fora_do_dominio,fora_do_dominio,pendente_sem_inferencia,fora_do_dominio,fora_do_dominio,fora_do_dominio,fora_do_dominio,informativo_nao_ativo,fora_do_dominio
cemig-eo-r3-s33-v086,family-f02-33,RASCUNHO_EXISTENTE_EI_TERMINAL_DESCONECTAVEL,DES,E07,informative_only,informativo,pending,,destino sem ativo; pacote pending não significa reconhecimento,documented,fora_do_dominio,fora_do_dominio,fora_do_dominio,pendente_sem_inferencia,fora_do_dominio,fora_do_dominio,fora_do_dominio,fora_do_dominio,informativo_nao_ativo,fora_do_dominio
cemig-eo-r3-s33-v087,family-f02-33,RASCUNHO_EXISTENTE_EI_FUSIVEL_LIMITADOR_CORRENTE,DES,E07,informative_only,informativo,pending,,destino sem ativo; pacote pending não significa reconhecimento,documented,fora_do_dominio,fora_do_dominio,fora_do_dominio,pendente_sem_inferencia,fora_do_dominio,fora_do_dominio,fora_do_dominio,fora_do_dominio,informativo_nao_ativo,fora_do_dominio
cemig-eo-r3-s33-v088,family-f02-33,RASCUNHO_EXISTENTE_EI_FUSIVEL,DES,E07,informative_only,informativo,pending,,destino sem ativo; pacote pending não significa reconhecimento,documented,fora_do_dominio,fora_do_dominio,fora_do_dominio,pendente_sem_inferencia,fora_do_dominio,fora_do_dominio,fora_do_dominio,fora_do_dominio,informativo_nao_ativo,fora_do_dominio
cemig-eo-r3-s33-v089,family-f02-33,RASCUNHO_EXISTENTE_EI_PROTETOR_RETICULADO,DES,E07,informative_only,informativo,pending,,destino sem ativo; pacote pending não significa reconhecimento,documented,fora_do_dominio,fora_do_dominio,fora_do_dominio,pendente_sem_inferencia,fora_do_dominio,fora_do_dominio,fora_do_dominio,fora_do_dominio,informativo_nao_ativo,fora_do_dominio
